FECHA;P1;P2;P3;P4;P5;P6;P7;P8;P9;P10;P11;P12;P13;P14;P15;P16;P17;P18;P19;P20;P21;P22;P23;P24
1/01/2024;251,9116084;251,9116084;251,9116084;281,9116084;281,9116084;251,9116084;152,9116084;95,85160842;95,85160842;95,85160842;95,85160842;152,9116084;152,9116084;152,9116084;152,9116084;251,9116084;281,9116084;281,9116084;301,2326084;301,2326084;301,2326084;301,2326084;301,2326084;290,9116084
2/01/2024;360,2212745;360,2212745;309,8212745;284,3212745;309,8212745;317,3212745;317,3212745;360,2212745;379,3212745;317,3212745;360,2212745;379,3212745;419,3212745;419,3212745;419,3212745;419,3212745;419,3212745;419,3212745;449,3212745;449,3212745;449,3212745;449,3212745;419,3212745;419,3212745
3/01/2024;429,4882348;429,4882348;429,4882348;429,4882348;429,4882348;429,4882348;429,4882348;429,4882348;429,4882348;429,4882348;429,4882348;430,4882348;430,4882348;430,4882348;504,4882348;504,4882348;504,4882348;509,4882348;509,4882348;514,4882348;509,4882348;509,4882348;504,4882348;504,4882348
4/01/2024;519,9500452;519,9500452;519,9500452;448,9500452;448,9500452;519,9500452;519,9500452;519,9500452;519,9500452;519,9500452;539,9500452;602,9500452;602,9500452;602,9500452;602,9500452;602,9500452;602,9500452;602,9500452;602,9500452;602,9500452;602,9500452;602,9500452;602,9500452;550,8810452
5/01/2024;609,5010866;609,5010866;609,5010866;609,5010866;609,5010866;609,5010866;609,5010866;609,5010866;609,5010866;609,5010866;609,5010866;614,4990866;614,4990866;614,4990866;624,4680866;624,4680866;649,4990866;649,4990866;650,4990866;650,4990866;650,4990866;649,4990866;649,4990866;614,4990866
6/01/2024;652,6205521;651,6205521;651,6205521;619,6205521;609,6225521;609,6225521;609,6225521;609,6205521;609,6225521;609,6225521;609,6225521;609,6225521;609,6225521;609,6225521;609,6225521;609,6225521;609,6225521;629,6115521;652,6205521;652,6205521;651,6205521;651,6205521;651,6205521;651,6205521
7/01/2024;636,2440148;636,2440148;636,2440148;628,0040148;628,0040148;628,0040148;618,2440148;618,2440148;618,2440148;618,2440148;618,2440148;628,0040148;636,2440148;636,2440148;636,2440148;636,2440148;636,2440148;636,2440148;649,0940148;649,0940148;649,0940148;649,0940148;649,0940148;636,2440148
8/01/2024;649,1596479;649,1596479;625,3756479;579,1596479;579,1596479;579,1596479;579,1596479;559,1596479;559,1596479;550,1596479;609,1596479;625,3756479;649,1596479;649,1596479;649,1596479;649,1596479;674,1596479;674,1596479;720,1596479;720,1596479;720,1596479;674,1596479;674,1596479;674,1596479
9/01/2024;671,1566678;671,1566678;671,1566678;671,1566678;671,1566678;671,1566678;671,1566678;671,1566678;671,1566678;671,1566678;671,1566678;698,1566678;704,1566678;710,1566678;710,1566678;710,1566678;710,1566678;710,1566678;721,1566678;721,1566678;710,1566678;710,1566678;704,1566678;671,1566678
10/01/2024;661,0293539;636,0293539;636,0293539;636,0293539;636,0293539;636,0293539;636,0293539;636,0293539;636,0293539;661,0293539;661,0293539;661,0293539;661,0293539;661,0293539;662,0293539;662,0293539;699,0293539;699,0293539;699,0293539;699,0293539;714,0293539;699,0293539;699,0293539;661,0293539
11/01/2024;679,0339;679,0339;679,0339;679,0339;679,0339;679,0339;679,0339;679,0339;679,0339;679,0339;679,0339;696,0339;679,0339;696,0339;696,0339;696,0339;696,0339;696,0339;696,0339;696,0339;696,0339;696,0339;679,0339;679,0339
12/01/2024;674,0266913;649,0266913;629,3946913;597,9266913;597,9266913;629,3946913;649,0266913;649,0266913;674,0266913;674,0266913;674,0266913;686,0266913;686,0266913;686,0266913;686,0266913;686,0266913;686,0266913;686,0266913;686,0266913;686,0266913;686,0266913;686,0266913;674,0266913;649,0266913
13/01/2024;646,0309729;618,0309729;607,0629729;607,0629729;607,0629729;607,0629729;618,0309729;629,0309729;646,0309729;647,0309729;647,0309729;674,0309729;674,0309729;647,0309729;647,0309729;647,0309729;674,0309729;674,0309729;674,0309729;674,0309729;674,0309729;674,0309729;647,0309729;647,0309729
14/01/2024;619,2322902;613,2322902;613,2322902;607,9432902;607,9432902;607,9432902;599,7832902;519,2322902;607,9432902;607,9432902;599,7832902;607,9432902;613,2322902;613,2322902;613,2322902;613,2322902;619,2322902;621,2322902;638,2322902;638,2322902;638,2322902;638,2322902;638,2322902;619,2322902
15/01/2024;603,4440111;580,7020111;500,7020111;449,4910111;533,3100111;580,7020111;603,4440111;603,4440111;603,4440111;608,7840111;608,7840111;644,2020111;644,2020111;644,2020111;644,2020111;644,2020111;644,7020111;644,7020111;660,7020111;660,7020111;660,7020111;660,7020111;660,7020111;644,7020111
16/01/2024;603,1874365;603,1874365;603,1874365;602,5484365;603,1874365;603,1874365;603,1874365;603,1874365;603,1874365;603,1874365;603,1874365;603,1874365;603,1874365;603,1874365;603,1874365;603,1874365;620,1874365;620,1874365;620,1874365;624,4204365;624,4204365;620,1874365;620,1874365;620,1874365
17/01/2024;563,1162224;563,1162224;563,1162224;555,4912224;563,1162224;563,1162224;563,1162224;563,1162224;565,1162224;565,1162224;566,1162224;599,1162224;599,1162224;599,1162224;599,1162224;617,1162224;617,1162224;617,1162224;617,1162224;711,1162224;617,1162224;599,1162224;565,1162224;565,1162224
18/01/2024;549,1015136;549,1015136;549,1015136;529,1015136;529,1015136;549,1015136;549,1015136;549,1015136;549,1015136;549,1015136;556,1015136;556,1015136;556,1015136;556,1015136;556,1015136;558,1015136;558,1015136;556,1015136;564,1015136;558,1015136;558,1015136;558,1015136;558,1015136;556,1015136
19/01/2024;523,1693019;523,1693019;518,1693019;518,1693019;518,1693019;523,1693019;523,1693019;523,1693019;523,1693019;532,1693019;555,0693019;565,4693019;541,1693019;541,1693019;565,4693019;565,4693019;555,0693019;555,0693019;565,4693019;565,4693019;555,0693019;547,1693019;541,1693019;532,1693019
20/01/2024;527,5529752;519,2529752;519,2529752;518,2529752;518,2529752;518,2529752;518,2529752;519,2529752;527,5529752;527,5529752;527,5529752;527,5529752;527,5529752;527,5529752;527,5529752;527,5529752;531,2529752;531,2529752;531,2529752;531,2529752;531,2529752;531,2529752;527,5529752;527,5529752
21/01/2024;500,4312084;500,4312084;500,4312084;500,4312084;500,4312084;500,4312084;500,4312084;449,4312084;500,4312084;500,4312084;500,4312084;500,4312084;500,4312084;500,4312084;500,4312084;500,4312084;500,4312084;500,4312084;524,7312084;524,7312084;524,7312084;519,4312084;518,4312084;500,4312084
22/01/2024;501,3224701;501,3224701;501,3224701;500,8684701;500,3224701;500,8684701;501,3224701;501,3224701;501,3224701;501,3224701;501,3224701;501,8224701;501,3224701;501,8224701;501,8224701;501,8224701;501,8224701;501,8224701;501,8224701;509,3224701;509,3224701;509,3224701;501,8224701;501,8224701
23/01/2024;483,5849973;480,2399973;480,2399973;480,2399973;480,2399973;483,5849973;483,5849973;483,5849973;483,5849973;501,6399973;501,6399973;501,8399973;501,6399973;501,6399973;501,8399973;501,8399973;503,2399973;501,7399973;503,2399973;503,2399973;501,8399973;511,6399973;501,7399973;489,2399973
24/01/2024;484,0509753;484,0509753;455,5169753;454,0509753;455,5169753;484,0509753;484,0509753;484,0509753;484,0509753;484,0509753;500,5009753;500,5009753;500,5009753;500,5509753;500,6509753;500,5509753;500,6509753;500,5509753;500,6509753;500,6509753;500,5509753;500,5509753;500,5009753;500,5009753
25/01/2024;472,0579394;472,0579394;472,0579394;471,0579394;472,0579394;472,0579394;472,0579394;472,0579394;472,0579394;479,0579394;479,0579394;479,0579394;479,0579394;479,0579394;479,0579394;501,1689394;501,1689394;479,0579394;501,1689394;501,1689394;501,1689394;479,0579394;479,0579394;472,0579394
26/01/2024;412,6683406;412,6683406;412,6683406;412,6683406;452,6683406;452,6683406;452,6683406;452,6683406;452,6683406;452,6683406;452,6683406;452,6683406;452,6683406;452,6683406;453,6683406;453,6683406;453,6683406;452,6683406;454,6683406;454,6683406;455,7893406;453,6683406;452,6683406;452,6683406
27/01/2024;450,300741;450,300741;450,300741;450,300741;450,300741;450,300741;450,300741;450,300741;481,300741;481,300741;503,411741;481,300741;450,300741;450,300741;450,300741;450,300741;450,300741;479,300741;503,411741;503,411741;503,411741;503,411741;481,300741;450,300741
28/01/2024;509,5406295;509,5406295;509,5406295;509,5406295;509,5406295;509,5406295;509,5406295;509,5406295;509,5406295;509,5406295;509,5406295;509,5406295;511,4296295;511,4296295;511,4296295;511,4296295;555,4296295;556,4296295;556,4296295;649,4296295;556,4296295;556,4296295;556,4296295;555,4296295
29/01/2024;569,1533353;569,1533353;549,0423353;544,0423353;549,0423353;569,1533353;569,1533353;569,1533353;605,2843353;605,2843353;619,0423353;620,0423353;619,0423353;620,0423353;620,0423353;620,0423353;620,0423353;620,0423353;620,0423353;620,0423353;620,0423353;620,0423353;620,0423353;599,0423353
30/01/2024;656,4458002;616,4458002;607,7548002;581,4458002;581,4458002;607,7548002;616,4458002;616,4458002;616,4458002;616,4458002;622,4458002;622,4458002;622,4458002;622,4458002;671,4458002;671,4458002;656,4458002;622,4458002;656,4458002;671,4458002;656,4458002;622,4458002;622,4458002;622,4458002
31/01/2024;612,1992591;612,1992591;612,1992591;612,1992591;612,1992591;620,1992591;620,1992591;620,1992591;620,1992591;620,1992591;620,1992591;620,1992591;620,1992591;672,3102591;672,3102591;672,3102591;672,3102591;672,3102591;672,3102591;672,3102591;672,3102591;672,3102591;620,1992591;620,1992591
1/02/2024;698,2899468;691,2899468;691,2899468;691,2899468;691,2899468;698,2899468;680,2899468;691,2899468;691,2899468;691,2899468;691,2899468;691,2899468;691,2899468;698,2899468;698,2899468;698,2899468;699,2899468;698,2899468;699,2899468;699,2899468;699,2899468;698,2899468;691,2899468;691,2899468
2/02/2024;685,434462;680,434462;680,434462;680,434462;680,434462;685,434462;685,434462;695,434462;695,434462;695,434462;695,434462;695,434462;695,434462;695,434462;695,434462;695,434462;695,434462;695,434462;695,434462;695,434462;695,434462;695,434462;691,434462;685,434462
3/02/2024;681,4377742;664,9057742;611,8187742;611,8187742;611,8187742;611,8187742;664,9057742;664,9057742;664,9057742;664,9057742;681,4377742;682,4377742;681,4377742;681,4377742;681,4377742;681,4377742;684,4377742;684,4377742;700,9377742;705,4377742;700,9377742;684,4377742;684,4377742;681,4377742
4/02/2024;642,0606366;642,0606366;642,0606366;641,0606366;598,5166366;598,5166366;471,0606366;441,0606366;598,5166366;598,5166366;473,3066366;641,0606366;641,0606366;642,0606366;642,0606366;642,0606366;642,0606366;642,0606366;678,0606366;678,0606366;678,0606366;678,0606366;678,0606366;642,0606366
5/02/2024;546,7966176;546,7966176;441,4656176;422,4656176;516,4656176;613,4586176;635,4656176;640,4656176;640,4656176;640,4656176;640,4656176;641,9656176;640,4656176;640,4656176;687,4656176;687,4656176;687,4656176;687,4656176;687,4656176;687,4656176;687,4656176;687,4656176;640,4656176;640,4656176
6/02/2024;99,80454906;127,4445491;298,7345491;418,1645491;553,2495491;577,1645491;577,1645491;632,1645491;610,1645491;632,1645491;632,1645491;632,1645491;632,1645491;632,1645491;632,1645491;632,1645491;632,1645491;632,1645491;632,1645491;638,1645491;637,1645491;632,1645491;632,1645491;577,1645491
7/02/2024;552,4520468;551,4520468;533,4520468;494,4520468;533,4520468;552,4520468;551,4520468;565,4580468;580,4520468;580,4520468;580,4520468;518,4520468;518,4520468;580,4520468;580,4520468;580,4520468;580,4520468;580,4520468;580,4520468;580,4520468;580,4520468;580,4520468;551,4520468;533,4520468
8/02/2024;100,6422158;100,6422158;100,6422158;100,6422158;100,6432158;408,7422158;228,0022158;408,7422158;513,0022158;463,0022158;514,0022158;514,0022158;514,0022158;514,0022158;563,0022158;563,0022158;593,0022158;573,0082158;573,0082158;593,0022158;593,0022158;563,0022158;557,0022158;513,0022158
9/02/2024;504,7602944;504,7602944;504,7602944;504,7602944;504,7602944;506,1172944;506,1172944;506,1172944;506,1172944;506,1172944;506,1172944;530,7932944;506,1172944;506,1172944;530,7932944;530,7932944;530,7932944;530,7932944;530,7932944;530,7932944;530,7932944;530,7932944;506,1172944;506,1172944
10/02/2024;535,5310557;510,9630557;510,9630557;510,9630557;510,9630557;510,9630557;510,9630557;510,9630557;510,9630557;510,9630557;510,9630557;535,5310557;535,5310557;535,5310557;535,5310557;535,5310557;535,5310557;535,5310557;561,5310557;700,5310557;550,5310557;535,5310557;535,5310557;535,5310557
11/02/2024;547,583745;547,583745;547,583745;547,583745;547,583745;547,583745;523,015745;523,015745;498,583745;523,015745;523,015745;523,015745;531,583745;547,583745;547,583745;547,583745;547,583745;547,583745;564,583745;564,583745;564,583745;564,583745;564,583745;564,583745
12/02/2024;563,0051259;530,0051259;527,0051259;527,0051259;527,0051259;530,0051259;551,0051259;563,0051259;563,0051259;568,4401259;568,4401259;568,4401259;591,0051259;591,0051259;601,0051259;601,0051259;601,0051259;601,0051259;601,0051259;601,0051259;601,0051259;601,0051259;591,0051259;568,4401259
13/02/2024;593,4414902;552,4414902;552,4414902;552,4414902;551,4414902;593,4414902;593,4414902;610,4414902;593,4414902;593,4414902;593,4414902;610,4414902;610,4414902;610,4414902;610,4414902;612,4414902;612,4414902;612,4414902;612,4414902;612,4414902;612,4414902;612,4414902;610,4414902;593,4414902
14/02/2024;533,5334296;533,5334296;533,5334296;533,5334296;533,5334296;595,5334296;596,5334296;596,5334296;596,5334296;596,5334296;596,5334296;615,9894296;615,9894296;615,9894296;615,9894296;615,9894296;671,5334296;615,9894296;615,9894296;671,5334296;671,5334296;615,9894296;596,5334296;565,5334296
15/02/2024;551,6507122;551,6507122;551,6507122;551,6507122;551,6507122;551,6507122;551,6507122;551,6507122;556,6507122;556,6507122;591,6507122;601,6507122;591,6507122;591,6507122;651,6507122;712,6507122;712,6507122;651,6507122;616,6507122;651,6507122;651,6507122;601,6507122;591,6507122;551,6507122
16/02/2024;531,5071457;531,5071457;531,5071457;531,5071457;531,5071457;531,5071457;531,5071457;531,5071457;531,5071457;536,5071457;536,5071457;536,5071457;536,5071457;536,5071457;550,5071457;550,5071457;550,5071457;536,5071457;550,5071457;556,5071457;556,5071457;551,5071457;536,5071457;531,5071457
17/02/2024;600,4707645;600,4707645;555,4707645;555,4707645;555,4707645;555,4707645;555,4707645;555,4707645;555,4707645;555,4707645;555,4707645;555,4707645;555,4707645;555,4707645;555,4707645;555,4707645;555,4707645;555,4707645;599,4707645;599,4707645;599,4707645;599,4707645;555,4707645;555,4707645
18/02/2024;545,6742399;545,6742399;535,6742399;535,6742399;535,6742399;535,6742399;535,6742399;535,6742399;535,6742399;535,6742399;535,6742399;535,6742399;535,6742399;535,6742399;535,6742399;535,6742399;545,6742399;545,6742399;585,6742399;589,6742399;589,6742399;610,7882399;585,6742399;550,6742399
19/02/2024;555,5232254;550,5232254;540,5232254;497,6492254;540,5232254;555,5232254;555,5232254;555,5232254;555,5232254;565,5232254;579,5232254;585,5232254;585,5232254;585,5232254;590,5232254;590,5232254;590,5232254;590,5232254;610,6372254;610,6372254;610,6372254;610,6372254;579,5232254;555,5232254
20/02/2024;577,4384219;550,4384219;531,0614219;531,0614219;550,4384219;581,4384219;581,4384219;581,4384219;590,4384219;590,4384219;590,4384219;590,4384219;590,4384219;581,4384219;590,4384219;590,4384219;590,4384219;590,4384219;611,4384219;611,4384219;590,4384219;590,4384219;590,4384219;577,4384219
21/02/2024;601,5542744;601,5542744;601,5542744;601,5542744;601,4402744;601,5542744;601,5542744;601,5542744;601,5542744;601,5542744;601,5542744;601,5542744;601,4402744;601,4402744;601,4402744;601,5542744;601,5542744;601,4402744;601,5542744;601,5542744;601,5542744;601,5542744;601,5542744;592,4402744
22/02/2024;473,8815197;473,8815197;473,8815197;229,1585197;293,9635197;502,3935197;473,8815197;531,6485197;502,3935197;502,3935197;502,3935197;531,6485197;531,6485197;531,6485197;552,3935197;594,3935197;594,3935197;502,3935197;531,6485197;602,3935197;594,3935197;557,3935197;557,3935197;502,3935197
23/02/2024;530,5558725;528,9458725;484,3288725;484,3288725;528,9458725;540,5558725;580,5558725;580,5558725;580,5558725;540,5558725;580,5558725;605,5558725;580,5558725;580,5558725;605,5558725;605,5558725;605,5558725;605,5558725;605,5558725;605,5558725;605,5558725;580,5558725;580,5558725;530,5558725
24/02/2024;580,4440786;555,4440786;555,4440786;540,4440786;540,4440786;555,4440786;555,4440786;555,4440786;580,4440786;580,4440786;580,4440786;590,4440786;590,4440786;605,4440786;600,9440786;600,9440786;605,4440786;605,4440786;640,4440786;640,4440786;605,4440786;605,4440786;605,4440786;590,4440786
25/02/2024;555,4512516;555,4512516;555,4512516;555,4512516;555,4512516;555,4512516;550,4512516;550,4512516;550,4512516;550,4512516;550,4512516;550,4512516;555,4512516;555,4512516;555,4512516;555,4512516;555,4512516;561,4512516;561,4512516;561,4512516;561,4512516;561,4512516;561,4512516;561,4512516
26/02/2024;548,4433267;530,8813267;500,4433267;500,4433267;500,4433267;557,4433267;557,4433267;558,4433267;558,4433267;558,4433267;559,4433267;559,4433267;559,4433267;559,4433267;600,9433267;600,9433267;600,9433267;600,9433267;600,9433267;600,9433267;600,9433267;600,9433267;570,4433267;559,4433267
27/02/2024;547,6355286;525,6355286;512,0055286;453,6355286;473,3565286;525,6355286;512,0055286;512,0055286;512,0055286;512,0055286;547,6355286;550,6355286;549,1355286;550,6355286;551,6355286;551,6355286;560,6355286;551,6355286;560,6355286;570,6355286;564,6355286;551,6355286;549,1355286;525,6355286
28/02/2024;482,1338155;232,5768155;129,0838155;128,7838155;129,0838155;503,8038155;482,1338155;508,7428155;519,9168155;508,7428155;519,9168155;528,8038155;528,8038155;555,8038155;558,8038155;559,8038155;568,8038155;559,8038155;568,8038155;568,8038155;568,8038155;568,8038155;558,8038155;519,9168155
29/02/2024;495,4510794;482,4770794;475,1630794;475,1630794;475,1630794;495,4510794;495,4510794;495,4510794;495,4510794;495,4510794;495,4510794;495,4510794;495,4510794;495,4510794;500,4510794;505,4510794;505,4510794;505,4510794;505,4510794;505,4510794;505,4510794;505,4510794;505,4510794;495,4510794
1/03/2024;469,0750415;469,0750415;469,0750415;408,9460415;469,0750415;475,5040415;479,1340415;479,1340415;479,1340415;479,1340415;479,1340415;493,9460415;493,9460415;493,9460415;494,9460415;494,9460415;494,9460415;494,9460415;497,9460415;513,9460415;497,9460415;494,9460415;493,9460415;493,9460415
2/03/2024;487,9827124;487,9827124;487,9827124;483,9827124;483,9827124;487,9827124;487,9827124;487,9827124;492,4827124;492,4827124;492,4827124;492,4827124;492,4827124;492,4827124;492,4827124;492,4827124;492,4827124;492,4827124;513,9827124;513,9827124;508,9827124;492,4827124;492,4827124;492,4827124
3/03/2024;481,4256451;481,4256451;473,9256451;473,9256451;473,9256451;473,9256451;467,9226451;463,9256451;463,9256451;438,9256451;448,8936451;467,9226451;467,9226451;473,9256451;473,9256451;473,9256451;473,9256451;481,4256451;481,4256451;487,9256451;487,9256451;481,4256451;481,4256451;481,4256451
4/03/2024;419,8550938;419,8550938;419,8550938;409,8550938;419,8550938;419,8550938;439,8550938;479,8550938;494,8550938;494,8550938;508,8550938;510,8550938;510,8550938;510,8550938;518,1780938;518,1780938;518,1780938;518,1780938;518,1780938;518,1780938;518,1780938;514,8550938;510,8550938;510,8550938
5/03/2024;505,7809772;498,7809772;479,7809772;479,7809772;479,7809772;512,5009772;512,5009772;512,5009772;538,7809772;538,7809772;538,7809772;538,7809772;538,7809772;538,7809772;543,7809772;563,4589772;563,4589772;563,4589772;613,7809772;618,7809772;613,7809772;563,4589772;543,7809772;538,7809772
6/03/2024;514,2738997;514,2738997;512,9808997;512,9808997;512,9808997;514,2738997;522,2258997;522,2258997;522,2258997;522,2258997;522,2258997;539,2738997;539,2738997;540,2738997;549,2738997;579,7738997;579,7738997;579,7738997;579,7738997;579,7738997;579,7738997;579,7738997;540,2738997;539,2738997
7/03/2024;529,7013909;529,7013909;529,7013909;529,7013909;529,7013909;529,7013909;529,7013909;529,7013909;529,7013909;529,7013909;544,2013909;544,2013909;544,2013909;549,2013909;551,2013909;622,3123909;622,3123909;622,3123909;622,3123909;622,3123909;622,3123909;622,3123909;549,2013909;544,2013909
8/03/2024;543,894725;524,394725;505,890725;505,890725;505,890725;543,894725;543,894725;543,894725;543,894725;543,894725;543,894725;543,894725;543,894725;543,894725;550,394725;550,394725;550,394725;550,394725;551,394725;569,394725;551,394725;550,394725;543,894725;543,894725
9/03/2024;549,1702515;534,1692515;534,1692515;534,1692515;534,1692515;534,1692515;534,1692515;534,1692515;547,1692515;547,1692515;548,1692515;548,1692515;547,1692515;534,1692515;534,1692515;534,1692515;534,1692515;548,1692515;549,1702515;619,2802515;548,1692515;548,1692515;547,1692515;534,1692515
10/03/2024;569,8202536;568,8202536;568,8202536;548,8202536;535,8202536;535,8202536;517,8202536;523,0902536;523,0902536;523,0902536;517,8202536;548,8202536;568,8202536;568,8202536;568,8202536;568,8202536;569,8202536;569,8202536;588,9312536;588,9312536;588,9312536;588,9312536;588,9312536;569,8202536
11/03/2024;545,2639991;524,6479991;518,2639991;518,2639991;518,2639991;545,2639991;545,2639991;545,2639991;545,2639991;545,2639991;545,2639991;545,2639991;545,2639991;569,2639991;570,2639991;579,3749991;579,3749991;579,3749991;579,3749991;629,2639991;629,2639991;579,3749991;570,2639991;549,2639991
12/03/2024;569,0184781;554,0184781;554,0184781;554,0184781;554,0184781;569,0184781;569,3184781;569,3184781;569,3184781;570,0184781;570,0184781;574,0184781;574,0184781;599,0274781;599,0274781;599,0274781;599,0274781;599,0274781;629,0184781;629,0184781;629,0184781;599,0274781;599,0274781;570,0184781
13/03/2024;567,8060063;569,1060063;567,8060063;567,8060063;567,8060063;569,1060063;569,1060063;569,8060063;569,8060063;569,8060063;570,0060063;570,0060063;570,0060063;570,0060063;570,0060063;573,8060063;574,8060063;573,8060063;574,8060063;653,8060063;575,8060063;573,8060063;570,0060063;570,0060063
14/03/2024;570,9949259;543,9949259;486,9949259;486,9949259;486,9949259;486,9949259;486,9949259;493,9949259;493,9949259;493,9949259;543,9949259;570,9949259;569,2949259;570,9949259;570,9949259;570,9949259;570,9949259;570,9949259;572,9949259;573,4949259;572,9949259;571,9949259;570,9949259;493,9949259
15/03/2024;551,9990552;551,9990552;551,9990552;497,6580552;551,9990552;551,9990552;551,9990552;569,2990552;571,9990552;551,9990552;551,9990552;551,9990552;551,9990552;551,9990552;569,2990552;571,9990552;571,9990552;571,9990552;572,9990552;572,9990552;572,9990552;571,9990552;551,9990552;551,9990552
16/03/2024;568,4872227;568,4872227;568,4872227;566,2872227;566,2872227;568,4872227;568,4872227;568,4872227;568,4872227;568,4872227;568,4872227;568,9872227;568,9872227;568,4872227;568,4872227;568,9872227;583,9872227;583,9872227;597,9872227;597,9872227;597,9872227;583,9872227;568,9872227;568,4872227
17/03/2024;590,1177907;568,6177907;568,6177907;568,6177907;568,6177907;568,6177907;568,6177907;568,6177907;568,6177907;568,6177907;568,6177907;568,6177907;589,1177907;589,1177907;568,6177907;589,1177907;590,1177907;596,1177907;598,1177907;598,1177907;598,1177907;598,1177907;598,1177907;598,1177907
18/03/2024;239,9841973;442,7281973;412,1141973;225,8871973;385,1141973;477,2241973;442,7281973;477,2241973;577,1141973;500,7731973;577,1141973;577,1141973;577,1141973;598,1141973;601,1141973;617,1141973;622,1141973;601,1141973;629,1141973;657,1141973;628,1141973;622,1141973;601,1141973;577,1141973
19/03/2024;595,7066551;574,7066551;574,7066551;570,7066551;574,7066551;595,7066551;595,7066551;598,7066551;598,7066551;608,7066551;608,7066551;625,7066551;625,7066551;626,7066551;626,7066551;649,7066551;649,7066551;626,7066551;649,7066551;654,7066551;649,7066551;630,7066551;598,7066551;595,7066551
20/03/2024;643,638939;630,438939;478,441939;552,438939;573,438939;630,438939;630,438939;630,438939;632,438939;630,438939;632,438939;632,438939;632,438939;632,438939;643,638939;643,638939;647,438939;643,638939;643,638939;647,438939;643,638939;643,638939;630,438939;630,438939
21/03/2024;659,0015585;642,1245585;642,1245585;642,1245585;642,1245585;659,0015585;659,0015585;642,1245585;642,1245585;642,1245585;642,1245585;659,0015585;659,0015585;659,0015585;659,0015585;659,0015585;659,0015585;659,0015585;666,0015585;669,0015585;669,0015585;659,0015585;659,0015585;642,1245585
22/03/2024;713,8140626;708,8140626;696,8140626;696,8140626;708,8140626;671,8140626;671,8140626;671,8140626;671,8140626;696,8140626;713,8140626;713,8140626;713,8140626;713,8140626;713,8140626;718,8140626;728,9370626;728,9370626;728,9370626;728,9370626;728,9370626;713,8140626;713,8140626;708,8140626
23/03/2024;773,9395794;719,1255794;719,1255794;719,1255794;719,1255794;719,1255794;465,2065794;638,9395794;719,1255794;638,9395794;719,1255794;719,1255794;719,1255794;719,1255794;719,1255794;719,1255794;719,1255794;719,1255794;798,9395794;798,9395794;773,9395794;773,9395794;719,1255794;719,1255794
24/03/2024;729,2252307;729,2252307;717,3292307;717,1292307;701,1292307;559,0622307;517,3882307;528,3972307;528,3972307;559,0622307;567,9112307;567,9112307;639,1292307;639,1292307;639,1292307;639,1292307;639,1292307;701,1292307;717,3292307;729,2252307;729,2252307;717,3292307;717,3292307;717,1292307
25/03/2024;787,8419994;758,8419994;719,8419994;719,8419994;658,8419994;658,8419994;658,8419994;658,8419994;658,8419994;658,8419994;718,8419994;719,8419994;719,8419994;719,8419994;719,8419994;719,8419994;758,8419994;723,8419994;838,8419994;848,8419994;848,8419994;838,8419994;787,8419994;758,8419994
26/03/2024;848,8077458;838,8077458;838,8077458;838,8077458;798,8077458;787,8077458;788,8077458;798,8077458;803,1777458;838,8077458;838,8077458;838,8077458;838,8077458;848,8077458;848,8077458;853,8077458;853,8077458;853,8077458;853,8077458;853,8077458;853,8077458;848,8077458;838,8077458;823,8077458
27/03/2024;993,7402371;988,7402371;858,7402371;858,7402371;858,7402371;858,7402371;858,7402371;858,7402371;858,7402371;858,7402371;858,7402371;988,7402371;858,7402371;988,7402371;988,7402371;988,7402371;993,7402371;993,7402371;1013,740237;1013,740237;1008,740237;858,7402371;858,7402371;858,7402371
28/03/2024;1004,611808;982,3298082;864,6118082;864,6118082;864,6118082;864,6118082;859,6118082;599,6118082;599,6118082;549,6118082;599,6118082;849,6118082;849,6118082;859,6118082;859,6118082;859,6118082;859,6118082;859,6118082;864,6118082;1015,734808;1015,734808;1015,734808;1015,734808;859,6118082
29/03/2024;859,2663677;823,7663677;823,7663677;823,7663677;823,7663677;823,7663677;787,7663677;787,7663677;689,1923677;648,7013677;689,1923677;797,0213677;823,7663677;823,7663677;823,7663677;823,7663677;823,7663677;849,7663677;859,2663677;859,2663677;859,2663677;859,2663677;859,2663677;859,2663677
30/03/2024;699,0533457;699,0533457;699,0533457;699,0533457;699,0533457;699,0533457;699,0533457;699,0533457;699,0533457;699,0533457;749,0533457;752,0533457;752,0533457;752,0533457;752,0533457;752,0533457;820,2583457;829,0533457;829,0533457;829,0533457;829,0533457;829,0533457;829,0533457;829,0533457
31/03/2024;749,4155119;699,2925119;698,2925119;689,2925119;689,2925119;689,2925119;689,2925119;689,2925119;689,2925119;689,2925119;689,2925119;689,2925119;689,2925119;698,2925119;698,2925119;698,2925119;699,2925119;749,4155119;751,2925119;751,2925119;751,2925119;751,2925119;749,4155119;749,4155119
1/04/2024;768,1712111;768,1712111;768,1712111;768,1712111;768,1712111;768,1712111;768,1712111;788,1712111;788,1712111;788,1712111;788,1712111;853,1712111;853,1712111;853,1712111;904,2942111;904,2942111;904,2942111;904,2942111;1024,171211;1025,171211;1024,171211;968,1712111;904,2942111;858,1712111
2/04/2024;1037,611903;1027,734903;1027,734903;1027,734903;1027,734903;1037,611903;1027,734903;1027,734903;1037,611903;1027,734903;1024,211903;1027,734903;1027,734903;1027,734903;1027,734903;1027,734903;1027,734903;1027,734903;1048,061903;1048,061903;1048,061903;1037,611903;1027,734903;1027,734903
3/04/2024;1262,593357;1247,593357;1052,593357;1052,593357;1059,215357;1247,593357;1247,593357;1247,593357;1262,593357;1262,593357;1262,593357;1262,593357;1262,593357;1262,593357;1266,593357;1267,593357;1267,593357;1264,593357;1266,593357;1266,593357;1264,593357;1266,593357;1262,593357;1247,593357
4/04/2024;1248,569375;1153,569375;1144,156375;1019,569375;1144,156375;1007,360375;703,5693752;968,5693752;968,5693752;1007,360375;1007,360375;1007,360375;1007,360375;1019,569375;1144,156375;1153,569375;1248,569375;1248,569375;1248,569375;1248,569375;1248,569375;1153,569375;1019,569375;853,5693752
5/04/2024;839,1978302;719,9318302;505,1978302;505,1978302;762,4458302;843,1978302;843,1978302;843,1978302;969,1978302;1007,98883;1009,19783;1054,19783;1009,19783;1155,19783;1155,19783;1155,19783;1155,19783;1155,19783;1155,19783;1155,19783;1155,19783;1155,19783;1054,19783;1009,19783
6/04/2024;506,1098712;505,1098712;504,1098712;504,1098712;504,1098712;504,1098712;504,1098712;505,1098712;505,1098712;506,1098712;506,1098712;656,1098712;656,1098712;656,1098712;656,1098712;656,1098712;656,1098712;657,1098712;1061,109871;1157,009871;1061,109871;1008,900871;656,1098712;656,1098712
7/04/2024;703,2566636;673,7566636;613,2566636;608,2566636;608,2566636;608,2566636;493,2566636;493,2566636;493,2566636;493,2566636;608,2566636;608,2566636;613,2566636;613,2566636;608,2566636;613,2566636;673,7566636;703,2566636;733,7566636;733,7566636;733,7566636;733,7566636;733,7566636;703,2566636
8/04/2024;833,0377637;753,1517637;753,1517637;753,1517637;753,1517637;803,0377637;833,0377637;833,0377637;833,0377637;833,0377637;893,0377637;1028,037764;893,0377637;893,0377637;1028,037764;1028,037764;1028,037764;1028,037764;1028,037764;1028,037764;1028,037764;1028,037764;968,4477637;893,0377637
9/04/2024;1012,626675;907,7406749;907,7406749;907,7406749;907,7406749;907,7406749;907,7406749;907,7406749;907,7406749;968,0366749;1013,626675;1036,626675;1036,626675;1036,626675;1052,626675;1052,626675;1052,626675;1052,626675;1052,626675;1052,626675;1052,626675;1052,626675;1042,626675;1006,417675
10/04/2024;754,7227373;970,1327373;507,7227373;507,7227373;969,7227373;969,7227373;970,1327373;970,1327373;754,7227373;970,1327373;1009,722737;1014,722737;1014,722737;1014,722737;1014,722737;1049,722737;1049,722737;1049,722737;1049,722737;1060,722737;1049,722737;1049,722737;1024,722737;1014,722737
11/04/2024;1008,390262;1008,390262;1008,390262;1008,390262;1008,390262;1008,390262;1008,390262;1008,390262;1008,390262;1008,390262;1008,390262;1018,390262;1018,390262;1018,390262;1064,390262;1064,390262;1064,390262;1064,390262;1066,390262;1066,390262;1065,390262;1065,390262;1059,390262;1018,390262
12/04/2024;1022,609993;1012,609993;1012,609993;1012,609993;1012,609993;1012,609993;1012,609993;1012,609993;1012,609993;1012,609993;1022,609993;1047,609993;1047,609993;1047,609993;1058,610993;1058,610993;1058,610993;1058,610993;1058,610993;1058,610993;1058,610993;1058,610993;1058,610993;1047,609993
13/04/2024;1022,609959;1006,400959;997,6099595;997,6099595;997,6099595;997,6099595;997,6099595;997,6099595;997,6099595;997,6099595;997,6099595;1010,609959;997,6099595;1010,609959;1022,609959;1022,609959;1057,610959;1057,610959;1057,610959;1057,610959;1057,610959;1057,610959;1022,609959;1006,400959
14/04/2024;1058,732563;1058,177563;1058,176563;1012,676563;1012,676563;1012,676563;1012,676563;1007,676563;1006,467563;1012,676563;1012,676563;1012,676563;1012,676563;1012,676563;1012,676563;1058,176563;1058,177563;1058,732563;1058,732563;1058,732563;1058,732563;1058,732563;1058,732563;1058,732563
15/04/2024;1058,884371;1058,884371;1058,884371;1058,884371;1058,884371;1058,884371;1058,884371;1058,884371;1059,408371;1059,408371;1059,408371;1059,408371;1059,408371;1059,408371;1059,408371;1059,428371;1102,958371;1059,428371;1202,828371;1202,828371;1202,828371;1059,428371;1059,408371;1059,408371
16/04/2024;1057,823618;1057,823618;1043,823618;1043,823618;1043,823618;1059,403618;1057,823618;1059,403618;1059,403618;1059,403618;1059,403618;1059,423618;1059,423618;1105,858618;1105,858618;1105,858618;1201,823618;1201,823618;1203,682618;1203,682618;1202,823618;1105,858618;1105,858618;1059,423618
17/04/2024;1044,565597;1013,565597;1013,565597;1013,565597;1013,565597;1013,565597;1044,565597;1044,565597;1044,565597;1044,565597;1044,565597;1044,565597;1044,565597;1044,565597;1060,155597;1060,155597;1060,155597;1060,155597;1060,186597;1060,186597;1060,155597;1060,155597;1044,565597;1044,565597
18/04/2024;1006,360376;1004,358376;1004,358376;1004,358376;1004,358376;1006,360376;1007,151376;1033,360376;1051,474376;1051,474376;1051,474376;1051,474376;1051,474376;1053,360376;1053,360376;1057,514376;1059,860376;1053,360376;1059,860376;1059,860376;1059,860376;1053,360376;1051,474376;1033,360376
19/04/2024;1007,396109;954,5021095;741,7091095;954,5021095;954,5021095;1005,103109;1005,103109;1005,103109;1005,103109;1005,103109;1005,103109;1007,396109;1007,396109;1028,603109;1028,603109;1028,603109;1028,603109;1028,603109;1028,603109;1028,603109;1028,603109;1028,603109;1007,396109;1005,103109
20/04/2024;1004,683959;1004,683959;961,8729586;928,1839586;928,1839586;961,8729586;961,8729586;863,1839586;928,1839586;928,1839586;928,1839586;1004,683959;1004,683959;1004,683959;1004,683959;1004,683959;1004,683959;1004,683959;1007,183959;1007,183959;1007,183959;1004,683959;1004,683959;1004,683959
21/04/2024;483,1169293;483,1169293;483,1169293;483,1169293;483,1169293;480,4459293;437,2759293;294,2499293;437,2759293;437,2759293;487,6429293;483,1169293;483,1169293;699,3569293;699,3569293;798,3569293;483,1169293;798,3569293;933,3569293;998,3569293;998,3569293;933,3569293;730,4289293;483,1169293
22/04/2024;105,4726157;105,4736157;137,5936157;137,5936157;137,2936157;303,2066157;496,5996157;708,3136157;708,3136157;708,3136157;708,3136157;496,5996157;708,3136157;514,8486157;767,3136157;767,3136157;767,3136157;767,3136157;807,3136157;807,3136157;767,3136157;767,3136157;496,5996157;767,3136157
23/04/2024;98,04344543;100,9274454;133,0484454;133,0484454;412,7684454;413,4684454;413,4684454;413,4684454;413,4684454;413,4684454;612,7684454;612,7684454;413,4684454;413,4684454;486,1484454;612,7684454;612,7684454;612,7684454;612,7684454;612,7684454;612,7684454;612,7684454;413,4684454;413,4684454
24/04/2024;103,2898914;103,2898914;106,1738914;106,1738914;106,1738914;111,0148914;111,0148914;111,0148914;111,0148914;111,0148914;218,0148914;218,0148914;218,0148914;218,0148914;218,0148914;219,0148914;252,7428914;219,0148914;308,0148914;518,0148914;308,0148914;308,0148914;218,0148914;218,0148914
25/04/2024;104,3083058;107,1933058;112,3083058;119,0333058;169,0333058;179,1473058;179,1473058;179,1473058;179,1473058;179,1473058;179,1473058;209,0333058;199,0333058;209,0333058;299,0333058;299,0333058;299,0333058;248,0133058;619,0333058;619,0333058;419,0333058;248,0133058;199,0333058;179,1473058
26/04/2024;99,31280029;101,3128003;102,1978003;102,1988003;107,0378003;174,0378003;174,0378003;199,1058003;199,1058003;199,1058003;199,1058003;199,1058003;199,1058003;199,1058003;209,0378003;254,0178003;254,0178003;199,1058003;513,0378003;513,0378003;364,0378003;199,1058003;199,1058003;199,1058003
27/04/2024;101,1784368;103,0194368;106,0194368;113,0194368;113,0194368;113,0194368;113,0194368;113,0194368;113,0194368;114,0194368;142,0194368;225,3334368;225,3334368;225,3334368;225,3334368;225,3334368;225,3334368;225,3334368;225,3334368;225,3334368;225,3334368;113,0194368;113,0194368;113,0194368
28/04/2024;99,32219515;102,2061951;102,2071951;102,2071951;104,0471951;104,0471951;102,2071951;102,2071951;102,2071951;102,2071951;104,0471951;104,0471951;106,7471951;107,0471951;107,0471951;107,0471951;110,0471951;113,0471951;114,0471951;114,0471951;114,0471951;114,0471951;114,0471951;113,0471951
29/04/2024;99,12168044;103,9616804;105,9616804;105,9616804;105,9616804;106,9616804;109,9616804;109,9616804;110,9616804;110,9616804;110,9616804;110,9616804;110,9616804;110,9616804;120,9616804;191,6806804;191,6806804;191,6806804;200,9616804;230,9616804;200,9616804;191,6806804;120,9616804;110,9616804
30/04/2024;96,36405602;104,364056;107,364056;107,364056;108,364056;108,364056;113,678056;108,364056;110,364056;113,678056;113,678056;118,364056;118,364056;118,364056;123,364056;123,364056;123,364056;123,364056;228,364056;228,364056;198,364056;123,364056;118,364056;113,678056
1/05/2024;98,39469133;126,1316913;126,1316913;131,1316913;131,1316913;131,1316913;131,1316913;131,1316913;131,1316913;131,1316913;131,1316913;145,4456913;131,1316913;131,1316913;145,4456913;145,4456913;145,4456913;201,1316913;201,1316913;206,1316913;201,1316913;201,1316913;145,4456913;145,4456913
2/05/2024;121,596567;121,596567;121,596567;121,596567;121,596567;171,596567;171,596567;171,596567;171,596567;171,596567;186,596567;186,596567;186,596567;206,596567;226,596567;226,596567;226,596567;235,576567;301,707567;301,707567;301,707567;235,576567;171,596567;171,596567
3/05/2024;236,269212;236,269212;236,269212;236,269212;236,269212;254,269212;236,269212;254,269212;294,269212;294,269212;294,269212;294,269212;254,269212;294,269212;294,269212;294,269212;294,269212;294,269212;294,269212;319,269212;294,269212;294,269212;294,269212;294,269212
4/05/2024;319,881086;319,781086;319,781086;319,781086;319,781086;319,781086;319,781086;319,881086;319,881086;319,881086;324,881086;324,881086;319,881086;319,881086;319,881086;319,881086;319,881086;319,881086;324,881086;324,881086;324,881086;324,881086;319,881086;319,881086
5/05/2024;323,7508764;323,7508764;323,7508764;300,2508764;300,2508764;300,2508764;299,2508764;279,2508764;299,2508764;279,2508764;299,2508764;300,2508764;300,2508764;300,2508764;323,7508764;323,7508764;323,7508764;323,7508764;324,2508764;334,2508764;334,2508764;324,2508764;323,7508764;323,7508764
6/05/2024;272,0976466;272,0976466;272,0976466;272,0976466;272,0976466;272,0976466;272,0976466;300,0976466;300,0976466;300,0976466;300,0976466;313,0976466;313,0976466;322,0976466;322,5976466;322,5976466;322,5976466;333,0976466;333,2086466;333,2086466;333,2086466;333,0976466;313,0976466;300,0976466
7/05/2024;267,6392797;267,6392797;267,6392797;267,6392797;267,6392797;267,6392797;267,6392797;267,6392797;268,6392797;268,6392797;298,6392797;268,6392797;289,5322797;298,6392797;300,6392797;300,6392797;300,6392797;300,6392797;333,6392797;333,6392797;333,6392797;300,6392797;300,6392797;267,6392797
8/05/2024;253,6120658;253,6120658;253,6120658;253,6120658;253,6120658;253,6120658;253,6120658;298,6120658;298,6120658;298,6120658;304,7230658;304,7230658;304,7230658;304,7230658;304,7230658;304,7230658;308,6120658;304,7230658;327,6120658;345,6120658;327,6120658;308,6120658;304,7230658;289,5050658
9/05/2024;206,4893941;206,4893941;206,4893941;206,4893941;206,4893941;220,4893941;220,4893941;255,4893941;255,4893941;256,4893941;256,4893941;256,4893941;256,4893941;256,4893941;300,4893941;315,4893941;315,4893941;315,4893941;329,4893941;329,4893941;329,4893941;315,4893941;256,4893941;220,4893941
10/05/2024;219,1251203;219,1251203;219,1251203;219,1251203;219,1251203;219,1251203;219,1251203;219,1251203;219,1251203;219,1251203;253,5251203;253,5251203;253,5251203;253,5251203;253,5251203;264,1251203;264,1251203;264,1251203;285,1251203;293,1251203;285,1251203;264,1251203;264,1251203;253,5251203
11/05/2024;216,1223373;216,1223373;216,1223373;216,1223373;216,1223373;216,1223373;216,1223373;216,1223373;221,1223373;221,1223373;221,1223373;221,1223373;221,1223373;221,1223373;221,1223373;221,1223373;230,4223373;230,4223373;230,4223373;287,1223373;230,4223373;230,4223373;221,1223373;221,1223373
12/05/2024;101,7365425;166,4775425;101,7365425;101,7365425;166,4775425;100,1945425;100,1945425;100,1945425;100,1945425;100,1945425;100,1945425;166,4775425;166,4775425;100,1945425;100,1945425;100,1945425;166,4775425;166,4775425;205,9775425;205,9775425;205,9775425;205,9775425;196,4775425;166,4775425
13/05/2024;161,2794702;161,2794702;161,2794702;161,2794702;161,2794702;161,2794702;161,2794702;161,2794702;161,2794702;161,2794702;161,2794702;191,9794702;191,9794702;191,9794702;191,9794702;191,9794702;201,2794702;201,2794702;217,7794702;286,2794702;286,2794702;286,2794702;201,2794702;201,2794702
14/05/2024;180,8452146;180,8452146;180,8452146;180,8452146;180,8452146;196,3452146;196,3452146;196,3452146;196,3452146;196,3452146;196,3452146;196,3452146;196,3452146;220,8452146;220,8452146;225,8452146;295,8452146;295,8452146;301,8452146;301,8452146;301,8452146;295,8452146;220,8452146;196,3452146
15/05/2024;178,8483603;178,8483603;178,8483603;178,8483603;178,8483603;178,8483603;178,8483603;178,8483603;186,3483603;186,3483603;186,3483603;186,3483603;186,3483603;186,3483603;190,3483603;225,3483603;225,3483603;225,3483603;301,3483603;303,3483603;301,3483603;301,3483603;225,3483603;186,3483603
16/05/2024;153,1353877;188,6353877;188,6353877;153,1353877;188,6353877;188,6353877;188,6353877;188,6353877;188,6353877;188,6353877;190,1353877;195,3983877;195,3983877;195,3983877;195,3983877;303,1353877;374,1353877;195,3983877;295,1353877;295,1353877;295,1353877;295,1353877;195,3983877;188,6353877
17/05/2024;152,8375626;152,8375626;152,8375626;152,8375626;152,8375626;185,8375626;152,8375626;185,8375626;185,8375626;185,8375626;185,8375626;186,0375626;186,0375626;233,8175626;354,8375626;354,8375626;354,8375626;354,8375626;359,8375626;567,8375626;567,8375626;354,8375626;354,8375626;186,0375626
18/05/2024;147,2121346;147,2121346;147,2121346;147,2121346;147,2121346;147,2121346;147,2121346;147,2121346;148,4121346;148,4121346;148,4121346;357,2121346;357,2121346;357,2121346;357,2121346;357,2121346;357,2121346;362,2121346;362,2121346;362,2121346;362,2121346;357,2121346;357,2121346;256,7781346
19/05/2024;156,1232085;156,1232085;153,1232085;156,1232085;156,1232085;153,1232085;151,1232085;145,5582085;145,5582085;145,5582085;151,1232085;156,1232085;156,1232085;156,1232085;156,1232085;156,1232085;256,1232085;256,1232085;266,1232085;356,1232085;356,1232085;266,1232085;256,1232085;256,1232085
20/05/2024;160,2970218;160,2970218;160,2970218;160,2970218;175,2970218;198,7750218;175,2970218;265,2970218;265,2970218;270,2970218;270,2970218;360,2970218;360,2970218;365,2970218;365,2970218;365,2970218;365,2970218;365,2970218;365,2970218;365,2970218;365,2970218;365,2970218;360,2970218;265,2970218
21/05/2024;208,1792368;208,1792368;208,1792368;208,1792368;237,1592368;243,1792368;243,1792368;243,1792368;243,1792368;243,1792368;243,1792368;266,1792368;266,1792368;266,1792368;269,1792368;368,1792368;368,1792368;368,1792368;368,9682368;368,9682368;368,1792368;363,1792368;266,1792368;243,1792368
22/05/2024;367,8701104;265,0811104;265,0811104;265,0811104;265,0811104;367,8701104;367,8701104;375,0811104;375,0811104;375,0811104;375,0811104;397,0811104;397,0811104;397,0811104;397,0811104;397,0811104;397,0811104;397,0811104;397,0811104;397,0811104;397,0811104;397,0811104;395,0811104;375,0811104
23/05/2024;370,0527189;371,0527189;370,0527189;364,0527189;370,0527189;371,0527189;371,0527189;370,0527189;371,0527189;371,0527189;372,0527189;372,0527189;372,0527189;372,0527189;373,0527189;373,0527189;383,0527189;373,0527189;383,0527189;571,0527189;383,0527189;373,0527189;372,0527189;371,0527189
24/05/2024;353,581705;353,581705;353,581705;353,581705;353,581705;378,581705;378,581705;378,581705;378,581705;378,581705;378,581705;383,581705;383,581705;503,581705;583,581705;583,581705;583,581705;583,581705;583,581705;583,581705;583,581705;583,581705;503,581705;378,581705
25/05/2024;304,6826683;304,6826683;304,6826683;414,6826683;414,6826683;414,6826683;414,6826683;414,6826683;424,6826683;424,6826683;424,6826683;584,6826683;424,6826683;424,6826683;534,6826683;534,6826683;534,6826683;584,6826683;584,6826683;584,6826683;584,6826683;584,6826683;584,6826683;534,6826683
26/05/2024;287,0146191;237,0146191;287,0146191;287,0146191;287,0146191;287,0146191;237,0146191;157,0146191;166,9946191;177,0146191;200,4936191;237,0146191;287,0146191;287,0146191;287,0146191;417,0146191;427,0146191;587,0146191;587,0146191;587,0146191;587,0146191;587,0146191;587,0146191;587,0146191
27/05/2024;304,2117543;235,2117543;235,2117543;304,2117543;304,2117543;415,2117543;415,2117543;415,2117543;415,2117543;415,2117543;415,2117543;415,2117543;415,2117543;415,2117543;425,2117543;525,2117543;525,2117543;525,2117543;625,2107543;655,2117543;625,2107543;625,2107543;525,2117543;415,2117543
28/05/2024;305,9180009;305,9180009;305,9180009;305,9180009;305,9180009;305,9180009;305,9180009;305,9180009;305,9180009;305,9180009;305,9180009;413,9180009;413,9180009;413,9180009;424,9180009;584,9180009;584,9180009;584,9180009;684,9180009;684,9180009;684,9180009;424,9180009;413,9180009;413,9180009
29/05/2024;412,7183876;304,7183876;304,7183876;304,7183876;318,8673876;412,7183876;412,7183876;412,7183876;412,7183876;412,7183876;412,7183876;412,7183876;412,7183876;424,7183876;424,7183876;476,7133876;476,7133876;684,7183876;694,7183876;694,7183876;694,7183876;684,7183876;424,7183876;412,7183876
30/05/2024;231,589749;231,589749;231,589749;226,043749;231,589749;231,589749;231,589749;231,589749;231,589749;231,589749;231,589749;231,589749;231,589749;394,589749;415,885749;424,589749;424,589749;424,589749;584,589749;624,589749;584,589749;584,589749;394,589749;231,589749
31/05/2024;97,34622373;97,39022373;97,39022373;97,34622373;97,39022373;97,39022373;97,39022373;155,3462237;155,3462237;155,3462237;155,3462237;165,3262237;155,3462237;155,3462237;355,3462237;355,3462237;355,3462237;355,3462237;355,3462237;355,3462237;355,3462237;355,3462237;355,3462237;155,3462237
1/06/2024;207,035821;165,335821;165,335821;165,335821;165,335821;177,015821;165,335821;165,335821;165,335821;165,335821;207,035821;208,035821;208,035821;208,035821;208,035821;208,035821;208,035821;367,035821;377,035821;377,035821;372,035821;367,035821;367,035821;208,035821
2/06/2024;207,910432;207,910432;207,910432;207,910432;207,910432;206,910432;161,910432;161,910432;161,910432;161,910432;161,910432;176,890432;206,910432;206,910432;207,910432;296,910432;207,910432;296,910432;361,910432;361,910432;361,910432;361,910432;306,910432;296,910432
3/06/2024;201,6114894;201,6114894;201,6114894;200,6114894;200,6114894;200,6114894;201,6114894;200,6114894;201,6114894;201,6114894;201,6114894;201,6114894;212,6114894;212,6114894;212,6114894;300,6114894;300,6114894;365,6114894;365,6114894;370,6114894;365,6114894;365,6114894;370,6114894;300,6114894
4/06/2024;236,8355772;236,8355772;200,8355772;209,5165772;236,8355772;237,8355772;237,8355772;307,8355772;307,8355772;307,8355772;307,8355772;307,8355772;307,8355772;307,8355772;365,8355772;365,8355772;307,8355772;307,8355772;307,8355772;365,8355772;595,8355772;365,8355772;307,8355772;307,8355772
5/06/2024;298,5202214;298,5202214;298,5202214;249,5202214;268,0862214;268,0862214;244,5002214;298,5202214;323,5202214;323,5202214;363,5202214;363,5202214;363,5202214;363,5202214;363,5202214;368,5202214;368,5202214;368,5202214;718,5202214;945,6232214;918,5202214;368,5202214;368,5202214;363,5202214
6/06/2024;306,8935792;330,8935792;306,8935792;306,8935792;330,8935792;365,8935792;365,8935792;365,8935792;365,8935792;365,8935792;385,8935792;375,8935792;365,8935792;375,8935792;375,8935792;385,8935792;375,8935792;375,8935792;385,8935792;385,8935792;385,8935792;365,8935792;365,8935792;330,8935792
7/06/2024;245,004865;246,004865;245,004865;245,004865;246,004865;329,004865;329,004865;329,004865;329,004865;329,004865;329,004865;373,004865;329,004865;373,004865;373,004865;386,004865;386,004865;386,004865;406,004865;596,004865;406,004865;406,004865;406,004865;373,004865
8/06/2024;263,9978758;263,9978758;263,9978758;263,9978758;263,9978758;263,9978758;263,9978758;324,9978758;327,9978758;327,9978758;390,9978758;390,9978758;385,9978758;385,9978758;390,9978758;390,9978758;405,9978758;550,9978758;550,9978758;550,9978758;550,9978758;405,9978758;385,9978758;327,9978758
9/06/2024;306,130881;306,130881;266,130881;266,130881;266,130881;266,130881;228,130881;266,130881;265,696881;266,130881;266,130881;266,130881;266,130881;266,130881;266,130881;266,130881;306,130881;381,130881;406,130881;407,130881;407,130881;406,130881;406,130881;381,130881
10/06/2024;239,1592501;239,1592501;239,1592501;239,1592501;239,1592501;239,1592501;234,6592501;234,6592501;242,9632501;239,1592501;239,1592501;263,1592501;263,1592501;263,1592501;263,1592501;308,1592501;393,1592501;409,1592501;409,6592501;413,1592501;409,6592501;409,1592501;409,1592501;409,1592501
11/06/2024;252,2251922;268,2251922;252,2251922;252,2251922;268,2251922;268,2251922;268,2251922;268,2251922;268,2251922;268,2251922;268,2251922;299,7251922;299,7251922;299,7251922;367,2251922;392,2251922;392,2251922;367,2251922;392,2251922;393,2251922;367,2251922;299,7251922;299,7251922;268,2251922
12/06/2024;266,6430286;266,6430286;266,6430286;266,6430286;266,6430286;266,6430286;266,6430286;266,6430286;315,6430286;315,6430286;365,6430286;366,6430286;365,6430286;366,6430286;390,6430286;390,6430286;391,6430286;390,6430286;390,6430286;391,6430286;366,6430286;366,6430286;365,6430286;315,6430286
13/06/2024;309,997182;348,497182;309,997182;309,997182;309,997182;348,497182;348,497182;348,497182;348,497182;348,497182;364,997182;364,997182;364,997182;364,997182;389,997182;389,997182;389,997182;391,997182;391,997182;391,997182;391,997182;391,997182;365,997182;364,997182
14/06/2024;365,2941329;365,2941329;360,2941329;360,2941329;365,2941329;365,2941329;365,7941329;365,7941329;365,7941329;365,7941329;365,7941329;365,7941329;365,7941329;365,7941329;390,2941329;390,2941329;375,2941329;375,2941329;390,2941329;391,2941329;391,2941329;375,2941329;365,7941329;365,7941329
15/06/2024;216,8330313;243,9380313;243,9380313;243,9380313;205,9180313;243,9380313;243,9380313;243,9380313;243,9380313;346,9380313;243,9380313;346,9380313;243,9380313;243,9380313;346,9380313;347,9380313;347,9380313;347,9380313;365,9380313;386,9380313;365,9380313;347,9380313;346,9380313;243,9380313
16/06/2024;244,6284529;244,6284529;244,6284529;244,6284529;244,6284529;244,6284529;241,4324529;244,6284529;244,6284529;244,6284529;244,6284529;244,6284529;244,6284529;244,6284529;244,6284529;244,6284529;244,6284529;306,6284529;391,6284529;406,6284529;406,6284529;307,6284529;307,6284529;307,6284529
17/06/2024;116,44068;116,44068;116,44068;168,44068;168,44068;168,44068;168,44068;168,44068;243,24468;211,28168;243,44068;248,44068;248,44068;248,44068;248,44068;248,44068;314,44068;393,44068;413,44068;413,44068;413,44068;413,44068;314,44068;243,44068
18/06/2024;169,2346737;179,2346737;179,2346737;169,2346737;179,2346737;179,2346737;169,2346737;179,2346737;185,2146737;179,2346737;179,2346737;244,0386737;185,2146737;209,2146737;308,2346737;379,2346737;379,2346737;337,2346737;379,2346737;379,2346737;379,2346737;244,1346737;244,1346737;169,2346737
19/06/2024;204,6068773;204,6068773;185,5868773;139,6068773;204,6068773;204,6068773;204,6068773;308,6068773;339,6068773;337,6068773;339,6068773;374,6068773;339,6068773;374,6068773;374,6068773;374,6068773;374,6068773;374,6068773;374,6068773;374,6068773;374,6068773;374,6068773;374,6068773;337,6068773
20/06/2024;209,3685868;209,3685868;209,3685868;209,3685868;209,3685868;209,3685868;209,3685868;331,3685868;331,3685868;331,3685868;331,3685868;371,3685868;371,3685868;371,3685868;371,3685868;371,3685868;371,3685868;371,3685868;371,3685868;371,3685868;371,3685868;371,3685868;371,3685868;331,3685868
21/06/2024;132,6263778;132,6263778;132,6263778;132,6263778;132,6263778;132,6263778;206,6723778;212,6263778;212,6263778;247,6263778;247,6263778;247,6263778;247,6263778;247,6263778;247,6263778;247,6263778;247,6263778;247,6263778;247,6263778;337,6263778;296,6263778;247,6263778;247,6263778;212,6263778
22/06/2024;205,8815975;205,8815975;205,8815975;205,8815975;205,8815975;205,8815975;205,8815975;205,8815975;210,8815975;208,7225975;210,8815975;255,8805975;210,8815975;310,6385975;310,6385975;334,8815975;334,8815975;334,8815975;334,8815975;334,8815975;334,8815975;334,8815975;334,8815975;210,8815975
23/06/2024;181,8381457;181,8381457;181,8381457;181,8381457;194,8391457;182,8191457;181,8381457;181,8381457;182,8191457;182,8191457;181,8381457;195,8391457;194,8391457;195,8391457;195,8391457;195,8391457;195,8391457;197,8391457;197,8391457;211,8391457;197,8391457;197,8391457;197,8391457;197,8391457
24/06/2024;131,6463228;131,6463228;131,6463228;131,6463228;175,2393228;184,0203228;226,6463228;237,6463228;237,6463228;237,6463228;237,6463228;237,6463228;237,6463228;237,6463228;237,6463228;250,6463228;250,6463228;250,6463228;373,6463228;376,6463228;376,6463228;250,6463228;237,6463228;237,6463228
25/06/2024;237,3902279;194,3902279;194,3902279;194,3902279;194,3902279;194,3902279;237,3902279;252,3902279;252,3902279;252,3902279;252,3902279;252,3902279;252,3902279;252,3902279;296,3902279;252,3902279;374,3902279;252,3902279;374,3902279;377,3902279;377,3902279;377,3902279;252,3902279;252,3902279
26/06/2024;204,4335156;204,4335156;204,4335156;204,4335156;204,4335156;204,4335156;204,4335156;212,2745156;239,4335156;239,4335156;239,4335156;309,4335156;239,4335156;288,4335156;239,4335156;309,4335156;309,4335156;339,4335156;339,4335156;376,4335156;339,4335156;339,4335156;309,4335156;239,4335156
27/06/2024;207,9588526;207,9588526;207,9588526;207,9588526;207,9588526;207,9588526;220,3998526;248,9588526;248,9588526;248,9588526;248,9588526;307,9588526;307,9588526;307,9588526;338,9588526;342,9588526;342,9588526;338,9588526;374,9588526;393,9588526;342,9588526;338,9588526;248,9588526;248,9588526
28/06/2024;133,5823247;133,5823247;133,5823247;133,5823247;133,5823247;133,5823247;133,5823247;183,5823247;184,5623247;184,5623247;221,0233247;247,5823247;183,5823247;183,5823247;247,5823247;247,5823247;287,5823247;314,5823247;375,5823247;375,5823247;314,5823247;314,5823247;221,0233247;133,5823247
29/06/2024;118,0887006;118,0887006;118,0887006;118,0887006;118,0887006;118,0887006;141,0887006;141,0887006;141,0887006;141,0887006;141,0887006;207,0887006;141,0887006;141,0887006;184,0687006;207,0887006;207,0887006;208,0887006;375,0887006;918,0887006;208,0887006;208,0887006;207,0887006;141,0887006
30/06/2024;117,4630529;110,4630529;110,4630529;107,4630529;107,4630529;106,9300529;106,9300529;106,9300529;106,9300529;106,9300529;106,9300529;107,4630529;107,4630529;110,4630529;110,4630529;111,0970529;117,4630529;117,4630529;137,4630529;137,4630529;137,4630529;137,4630529;117,4630529;117,4630529
1/07/2024;109,4797565;109,4797565;109,4797565;109,4797565;109,4797565;109,4797565;107,7687565;107,7687565;107,7687565;107,7687565;109,4797565;109,4797565;109,4797565;109,4797565;109,4797565;109,4797565;129,4797565;129,4797565;188,4797565;188,4797565;188,4797565;188,4797565;188,4797565;129,4797565
2/07/2024;109,6092928;109,6092928;109,6092928;109,6092928;109,6092928;109,6092928;109,6092928;134,6092928;134,6092928;169,6092928;169,6092928;200,6092928;200,6092928;201,6092928;201,6092928;209,6092928;209,6092928;200,6092928;207,5702928;237,6492928;209,6092928;200,6092928;207,5702928;109,6092928
3/07/2024;129,0528503;129,0528503;129,0528503;129,0528503;129,0528503;129,0528503;169,0528503;201,0528503;201,0528503;208,0528503;208,0528503;208,0528503;208,0528503;208,0528503;208,0528503;208,0528503;208,0528503;208,0528503;208,0528503;237,0928503;209,0528503;208,0528503;208,0528503;208,0528503
4/07/2024;104,5186204;188,5166204;105,1746204;104,5186204;105,1746204;188,5166204;188,5166204;198,5166204;207,5166204;207,5166204;207,5166204;207,5166204;207,5166204;207,5166204;207,5166204;207,5166204;207,5166204;207,5166204;207,5166204;708,5166204;234,4966204;207,5166204;207,5166204;198,5166204
5/07/2024;108,941874;108,941874;108,941874;108,941874;108,941874;108,941874;108,941874;108,941874;201,941874;201,941874;202,941874;202,941874;202,941874;202,941874;258,941874;258,941874;258,941874;202,941874;258,941874;708,941874;258,941874;258,941874;201,941874;108,941874
6/07/2024;105,5411405;109,5391405;107,2461405;109,5391405;109,5391405;109,5391405;109,5391405;109,5391405;109,5391405;109,5391405;109,5391405;189,5391405;189,5391405;189,5391405;189,5391405;189,5391405;189,5391405;189,5391405;204,5391405;259,5391405;204,5391405;189,5391405;189,5391405;189,5391405
7/07/2024;107,433382;107,433382;107,433382;107,433382;107,433382;107,433382;107,433382;104,849382;104,849382;104,849382;104,849382;107,433382;107,433382;107,433382;107,433382;107,433382;107,433382;203,847382;203,847382;203,847382;203,847382;203,847382;203,847382;203,847382
8/07/2024;105,7805847;104,7805847;104,7805847;104,7805847;105,7825847;105,7825847;105,7825847;109,7805847;109,7805847;109,7805847;198,7805847;198,7805847;198,7805847;198,7805847;198,7805847;199,2805847;199,2805847;198,7805847;199,2805847;909,7805847;281,2265847;198,7805847;198,7805847;198,7805847
9/07/2024;110,0205656;110,0205656;110,0205656;110,0205656;205,5205656;205,5205656;205,5205656;205,5205656;215,0205656;215,0205656;220,0205656;205,5205656;205,5205656;215,0205656;220,0205656;220,0205656;220,0205656;220,0205656;220,0205656;910,0205656;710,0205656;220,0205656;215,0205656;205,5205656
10/07/2024;130,5123204;130,5123204;110,5123204;130,5123204;130,5123204;130,5123204;130,5123204;130,5123204;130,5123204;130,5123204;130,5123204;255,5123204;198,5123204;255,5123204;260,5123204;260,5123204;260,5123204;255,5123204;260,5123204;710,5123204;260,5123204;260,5123204;255,5123204;179,5123204
11/07/2024;238,9851086;238,9851086;232,4851086;232,4851086;238,9851086;238,9851086;238,9851086;238,9851086;248,9851086;248,9851086;298,9851086;358,9851086;298,9851086;298,9851086;358,9851086;358,9851086;358,9851086;358,9851086;358,9851086;908,9851086;708,9851086;358,9851086;298,9851086;248,9851086
12/07/2024;248,0721126;249,0721126;248,0721126;248,0721126;249,0721126;249,0721126;249,0721126;249,0721126;298,0531126;298,0531126;298,0531126;298,0531126;298,0531126;298,0531126;298,0531126;298,0531126;359,0721126;359,0721126;359,0721126;359,0721126;359,0721126;359,0721126;298,0531126;298,0531126
13/07/2024;233,6696269;233,6696269;233,6696269;233,6696269;233,6696269;233,6696269;233,6696269;233,6696269;233,6696269;233,6696269;258,6696269;298,6506269;298,6506269;298,6506269;298,6506269;298,6506269;298,6506269;298,6506269;298,6696269;298,6696269;298,6696269;298,6696269;298,6506269;298,6506269
14/07/2024;230,5806578;230,5806578;230,5806578;230,5806578;230,5806578;230,5806578;230,5806578;229,5806578;229,5806578;229,5806578;229,5806578;230,5806578;230,5806578;230,5806578;230,5806578;230,5806578;230,5806578;230,5806578;230,5806578;233,3816578;230,5806578;230,5806578;230,5806578;230,5806578
15/07/2024;279,445304;219,445304;219,445304;219,445304;219,445304;219,445304;219,445304;279,445304;279,445304;279,445304;299,445304;302,445304;302,445304;302,445304;302,445304;304,445304;304,445304;304,445304;304,445304;409,445304;409,445304;304,445304;302,445304;302,445304
16/07/2024;253,509382;253,509382;253,509382;253,509382;253,509382;253,509382;253,509382;253,509382;258,509382;296,509382;296,509382;296,509382;296,509382;296,509382;296,509382;296,509382;308,509382;308,509382;413,509382;413,509382;308,509382;296,509382;296,509382;296,509382
17/07/2024;256,0259542;256,0259542;256,0259542;256,0259542;256,0259542;256,5259542;256,5259542;256,5259542;256,5259542;257,0259542;257,0259542;300,0259542;300,0259542;300,0259542;320,0259542;512,0259542;320,0259542;310,0259542;320,0259542;415,0259542;512,0259542;310,0259542;300,0259542;257,0259542
18/07/2024;297,0185548;297,0185548;297,0185548;292,6185548;292,6185548;297,0185548;297,0185548;297,0185548;297,0185548;297,0185548;297,0185548;297,0185548;297,0185548;297,0185548;307,6185548;317,6185548;317,6185548;307,6185548;317,6185548;352,6185548;352,6185548;297,0185548;297,0185548;297,0185548
19/07/2024;298,9259581;298,9259581;298,9259581;298,9259581;298,9259581;298,9259581;298,9259581;298,9259581;308,9259581;308,9259581;308,9259581;308,9259581;308,9259581;318,9259581;348,9259581;358,9259581;348,9259581;348,9259581;358,9259581;353,9259581;348,9259581;348,9259581;308,9259581;308,9259581
20/07/2024;263,9683722;348,9683722;288,9583722;263,9683722;263,9683722;263,9683722;263,9683722;263,9683722;263,9683722;263,9683722;263,9683722;288,9583722;348,9683722;358,9683722;358,9683722;363,9683722;363,9683722;363,9683722;363,9683722;368,9683722;368,9683722;363,9683722;363,9683722;358,9683722
21/07/2024;300,1075887;300,1075887;300,1075887;290,0875887;280,1075887;290,0875887;280,1075887;280,1075887;280,1075887;280,1075887;280,1075887;300,1075887;300,1075887;300,1075887;350,1075887;350,1075887;350,1075887;370,1075887;370,1075887;399,1075887;370,1075887;370,1075887;370,1075887;370,1075887
22/07/2024;387,7132798;387,7132798;387,7132798;387,7132798;387,7132798;387,7132798;387,7132798;387,7132798;387,7132798;387,7132798;387,7132798;387,7132798;387,7132798;409,6132798;417,7132798;417,7132798;417,7132798;417,7132798;427,7132798;427,7132798;427,7132798;427,7132798;417,7132798;387,7132798
23/07/2024;392,916237;392,916237;392,916237;391,916237;392,916237;431,916237;431,916237;431,916237;431,916237;431,916237;461,916237;502,815237;502,815237;502,815237;502,815237;502,815237;502,815237;502,815237;502,815237;502,815237;502,815237;502,815237;502,815237;392,916237
24/07/2024;292,4949749;292,4949749;292,4949749;239,5149749;292,4949749;349,5149749;349,5149749;349,5149749;349,5149749;349,5149749;389,5169749;389,5169749;389,5169749;389,5169749;389,5169749;389,5169749;420,5149749;389,5169749;429,5149749;524,5149749;429,5149749;429,5149749;389,5169749;389,5169749
25/07/2024;306,7603225;306,7603225;306,7603225;292,7613225;306,7603225;306,7603225;306,7603225;306,7603225;306,7603225;306,7603225;306,7603225;306,7603225;386,7613225;408,7613225;412,7613225;457,7613225;457,7613225;457,7613225;457,7613225;457,7613225;457,7613225;457,7613225;408,7613225;306,7603225
26/07/2024;296,0050819;296,0050819;252,0050819;252,0050819;296,0050819;296,0050819;296,0050819;296,0050819;296,0050819;296,0050819;296,0050819;299,9850819;296,0050819;299,9850819;416,0050819;416,0050819;416,0050819;416,0050819;416,0050819;431,0050819;416,0050819;361,0050819;360,0050819;296,0050819
27/07/2024;318,8644063;318,8644063;318,8644063;318,8644063;318,8644063;318,8644063;318,8644063;318,8644063;318,8644063;318,8644063;318,8644063;323,8644063;323,8644063;323,8644063;323,8644063;338,8644063;338,8644063;338,8644063;338,8644063;413,8644063;413,8644063;428,8644063;413,8644063;338,8644063
28/07/2024;232,0205302;269,9555302;269,9555302;229,9555302;232,0205302;229,9555302;229,9555302;229,9555302;229,9555302;229,9555302;229,9555302;229,9555302;229,9555302;229,9555302;229,9555302;269,9555302;269,9555302;329,9555302;338,9555302;424,9555302;424,9555302;424,9555302;411,9555302;338,9555302
29/07/2024;307,1088565;307,1088565;307,1088565;307,1088565;307,1088565;317,1088565;327,1088565;317,1088565;327,1088565;417,1088565;347,1088565;417,1088565;417,1088565;417,1088565;417,1088565;417,1088565;418,1088565;422,1088565;422,1088565;422,1088565;422,1088565;422,1088565;422,1088565;417,1088565
30/07/2024;317,0239098;397,0239098;330,0239098;317,0239098;330,0239098;397,0239098;397,0239098;398,0239098;398,0239098;422,0239098;422,0239098;422,0239098;422,0239098;427,0239098;427,0239098;422,0239098;422,0239098;422,0239098;422,0239098;427,0239098;422,0239098;427,0239098;427,0239098;398,0239098
31/07/2024;404,790847;358,790847;303,790847;303,790847;358,790847;404,790847;404,790847;404,790847;404,790847;303,790847;404,790847;404,790847;404,790847;406,790847;406,790847;406,790847;406,790847;406,790847;425,790847;425,790847;425,790847;425,790847;406,790847;406,790847
1/08/2024;426,88923;426,88923;426,88923;426,88923;427,88923;427,88923;427,88923;427,88923;427,88923;427,88923;427,88923;427,88923;427,88923;427,88923;427,88923;458,88923;458,88923;427,88923;458,88923;458,88923;458,88923;427,88923;427,88923;427,88923
2/08/2024;111,4302357;251,4102357;111,4302357;111,4302357;220,3682357;407,7632357;407,7632357;407,7632357;428,9302357;428,9302357;428,9302357;428,9302357;428,9302357;463,4302357;501,4302357;501,4302357;501,4302357;512,4302357;512,4302357;512,4302357;512,4302357;512,4302357;464,4302357;463,4302357
3/08/2024;428,7982414;428,7982414;428,7982414;428,7982414;428,7982414;428,7982414;428,7982414;428,7982414;428,7982414;428,7982414;525,7982414;525,7982414;525,7982414;525,7982414;525,7982414;525,7982414;461,7982414;503,7982414;525,7982414;525,7982414;525,7982414;525,7982414;461,7982414;460,7982414
4/08/2024;439,6986719;439,6986719;439,6986719;439,6986719;439,6986719;439,6986719;439,6986719;439,6986719;439,6986719;439,6986719;439,6986719;439,6986719;439,6986719;439,6986719;439,6986719;439,6986719;460,6986719;461,6986719;525,6986719;525,6986719;525,6986719;525,6986719;525,6986719;461,6986719
5/08/2024;459,8884243;459,8884243;459,8884243;459,8884243;459,8884243;508,3884243;508,3884243;508,3884243;508,3884243;508,3884243;528,3884243;529,3884243;508,3884243;529,3884243;531,3884243;603,3884243;603,3884243;531,3884243;603,3884243;603,3884243;603,3884243;603,3884243;508,3884243;508,3884243
6/08/2024;424,8131776;424,8131776;424,8131776;424,8131776;424,8131776;424,8131776;424,8131776;498,8131776;498,8131776;498,8131776;498,8131776;498,8131776;498,8131776;498,8131776;498,8131776;498,8131776;531,8131776;531,8131776;539,8131776;539,8131776;539,8131776;538,8131776;498,8131776;498,8131776
7/08/2024;424,5564732;424,5564732;424,5564732;424,5564732;424,5564732;424,5564732;424,5564732;424,5564732;424,5564732;424,5564732;424,5564732;424,5564732;457,5564732;457,5564732;457,5564732;457,5564732;457,5564732;457,5564732;531,5564732;539,5564732;538,5564732;538,5564732;457,5564732;457,5564732
8/08/2024;532,3413982;532,3413982;532,3413982;532,3413982;532,3413982;532,3413982;533,3413982;533,3413982;533,3413982;533,3413982;533,3413982;533,3413982;533,3413982;533,3413982;538,3413982;546,3413982;546,3413982;546,3413982;628,3413982;638,3413982;628,3413982;628,3413982;538,3413982;533,3413982
9/08/2024;419,5177759;419,5177759;419,5177759;419,5177759;419,5177759;419,5177759;422,9747759;445,0357759;519,5177759;519,5177759;520,5177759;629,5177759;629,5177759;629,5177759;675,0177759;675,0177759;675,0177759;675,0177759;675,0177759;675,0177759;675,0177759;675,0177759;520,5177759;519,5177759
10/08/2024;526,2972846;526,2972846;526,2972846;458,2972846;458,2972846;526,2972846;526,2972846;526,2972846;526,2972846;526,2972846;526,2972846;580,2972846;580,2972846;580,2972846;580,2972846;580,2972846;580,2972846;583,2972846;588,2972846;588,2972846;583,2972846;580,2972846;526,2972846;526,2972846
11/08/2024;426,2094485;542,7524485;406,7524485;267,8624485;267,8624485;107,7524485;106,7524485;106,7524485;106,7524485;106,7524485;106,7524485;327,7524485;406,7524485;542,7524485;542,7524485;542,7524485;562,7524485;562,7524485;562,7524485;583,7524485;583,7524485;583,7524485;562,7524485;562,7524485
12/08/2024;568,3897183;568,3897183;568,3897183;568,3897183;568,3897183;591,3897183;591,3897183;591,3897183;591,3897183;591,3897183;593,3897183;598,3897183;598,3897183;598,3897183;598,6537183;629,3897183;629,3897183;629,3897183;668,3897183;675,8897183;668,3897183;629,3897183;598,3897183;598,3897183
13/08/2024;610,3147784;592,8147784;592,8147784;592,8147784;592,8147784;610,3147784;592,8147784;610,3147784;610,3147784;610,3147784;618,3147784;618,3147784;618,3147784;618,3147784;631,5227784;618,3147784;631,5227784;631,5227784;668,3147784;673,3147784;673,3147784;618,3147784;618,3147784;618,3147784
14/08/2024;673,1852912;631,9962912;614,1852912;508,1852912;631,9962912;673,1852912;673,1852912;673,1852912;673,1852912;673,1852912;673,1852912;673,1852912;673,1852912;684,6852912;684,6852912;684,6852912;684,6852912;684,6852912;684,6852912;718,1852912;756,1852912;756,1852912;684,6852912;673,1852912
15/08/2024;623,0546964;623,0546964;623,0546964;623,0546964;623,0546964;631,7296964;631,7296964;623,0546964;623,0546964;623,0546964;623,0546964;631,7296964;631,7296964;631,7296964;642,5546964;642,5546964;673,0546964;673,0546964;678,0546964;760,0546964;678,0546964;673,0546964;642,5546964;642,5546964
16/08/2024;589,9655983;589,9655983;589,9655983;589,9655983;589,9655983;589,9655983;589,9655983;589,9655983;625,4655983;610,4655983;589,9655983;610,4655983;625,4655983;610,4655983;625,4655983;625,4655983;634,3535983;625,4655983;634,3535983;634,3535983;634,3535983;625,4655983;625,4655983;610,4655983
17/08/2024;558,761065;538,761065;538,761065;538,761065;538,761065;538,761065;538,761065;538,761065;538,761065;568,761065;558,761065;568,761065;558,761065;558,761065;568,761065;568,761065;608,761065;608,761065;623,261065;623,261065;623,261065;608,761065;608,761065;568,761065
18/08/2024;624,6039061;624,6039061;598,2149061;598,2149061;598,2149061;598,2149061;598,2149061;598,2149061;598,1039061;598,1039061;598,2149061;598,2149061;598,2149061;598,2149061;598,2149061;599,6699061;599,6699061;624,6039061;624,6039061;678,1039061;624,6039061;624,6039061;624,6039061;624,6039061
19/08/2024;643,0219451;626,4029451;626,4029451;626,4029451;626,4029451;626,4029451;624,5219451;624,5219451;624,5219451;624,5219451;624,5219451;626,4029451;643,0219451;658,0219451;658,0219451;658,0219451;658,0219451;678,0219451;698,1329451;698,1329451;698,1329451;698,1329451;678,0219451;658,0219451
20/08/2024;698,04864;698,04864;626,40564;626,40564;698,04864;719,04864;719,04864;719,04864;719,04864;749,04864;758,04864;773,04864;773,04864;819,04864;819,04864;819,04864;819,04864;819,04864;823,04864;843,04864;843,04864;843,04864;819,04864;773,04864
21/08/2024;708,5854739;708,5854739;708,5854739;708,5854739;708,5854739;708,5854739;708,5854739;708,5854739;708,5854739;708,5854739;708,5854739;758,5854739;758,5854739;793,5854739;793,5854739;798,5854739;813,5854739;813,5854739;819,5854739;819,5854739;819,5854739;813,5854739;798,5854739;758,5854739
22/08/2024;768,3619421;768,3619421;768,3619421;628,1329421;751,3619421;768,3619421;768,3619421;768,3619421;768,3619421;768,3619421;768,3619421;788,3619421;768,3619421;790,4869421;819,3619421;819,3619421;819,3619421;819,3619421;823,3619421;823,3619421;823,3619421;823,3619421;819,3619421;819,3619421
23/08/2024;708,0652234;698,0652234;648,0652234;648,0652234;648,0652234;708,0652234;698,0652234;708,0652234;708,0652234;708,0652234;708,0652234;708,0652234;708,0652234;708,0652234;718,0652234;718,0652234;718,0652234;708,0652234;718,0652234;718,0652234;718,0652234;708,0652234;708,0652234;708,0652234
24/08/2024;623,5789979;623,5789979;623,5789979;623,5789979;623,5789979;623,5789979;623,5789979;623,5789979;623,5789979;623,5789979;632,7239979;632,7239979;632,7239979;632,7239979;632,7239979;632,7239979;632,7239979;709,3789979;709,3789979;709,3789979;709,3789979;709,3789979;658,3789979;632,7239979
25/08/2024;598,4785231;598,4785231;598,4785231;598,4785231;598,4785231;598,4785231;525,6615231;515,7555231;515,7555231;525,6615231;598,4785231;598,4785231;598,4785231;598,4785231;598,4785231;598,4785231;598,4785231;598,4785231;634,4785231;634,4785231;634,4785231;634,4785231;634,4785231;610,3225231
26/08/2024;110,0854591;110,0854591;110,0854591;110,0854591;225,2204591;283,2554591;519,2754591;519,2754591;519,2754591;519,2754591;519,2754591;521,3474591;519,2754591;519,2754591;521,3474591;521,3474591;521,3474591;636,2754591;657,2754591;657,2754591;657,2754591;636,2754591;521,3474591;519,2754591
27/08/2024;277,3737188;424,9197188;271,3737188;266,5037188;271,3737188;521,3937188;521,3937188;521,3937188;521,3937188;561,3937188;561,3937188;561,3937188;561,3937188;561,3937188;591,2937188;605,4507188;641,3937188;641,3937188;646,3937188;646,3937188;646,3937188;646,3937188;641,3937188;591,2937188
28/08/2024;464,6828358;464,6828358;464,6828358;464,6828358;464,6828358;524,6828358;524,6828358;524,6828358;524,6828358;524,6828358;539,6828358;539,6828358;539,6828358;539,6828358;539,6828358;539,6828358;539,6828358;584,5828358;644,6828358;790,6828358;644,6828358;584,5828358;539,6828358;524,6828358
29/08/2024;469,9522606;469,9522606;469,9522606;469,9522606;469,9522606;519,9522606;469,9522606;469,9522606;469,9522606;469,9522606;519,9522606;519,9522606;519,9522606;519,9522606;519,9522606;519,9522606;519,9522606;519,9522606;587,9522606;587,9522606;587,9522606;519,9522606;519,9522606;519,9522606
30/08/2024;444,5189811;422,4579811;438,9319811;438,9319811;422,4579811;468,9319811;468,9319811;444,5189811;438,9319811;438,9319811;468,9319811;468,9319811;468,9319811;468,9319811;561,9319811;561,9319811;561,9319811;561,9319811;561,9319811;568,9319811;561,9319811;561,9319811;561,9319811;468,9319811
31/08/2024;508,8889593;508,8889593;508,8889593;508,8889593;508,8889593;508,8889593;508,8889593;508,8889593;508,8889593;508,8889593;556,3759593;559,3759593;564,3759593;564,3759593;564,3759593;564,3759593;569,3759593;569,3759593;569,3759593;569,3759593;569,3759593;569,3759593;564,3759593;559,3759593
1/09/2024;557,5386821;557,5386821;557,5386821;557,5386821;557,5386821;557,5386821;557,5386821;557,5386821;552,5386821;552,5386821;552,5386821;557,5386821;557,5386821;557,5386821;557,5386821;557,5386821;557,5386821;582,5386821;641,5386821;643,0516821;643,0516821;641,5386821;639,5386821;582,5386821
2/09/2024;559,9898087;582,9898087;493,9898087;493,9898087;493,9898087;619,8578087;644,9898087;644,9898087;644,9898087;644,9898087;644,9898087;648,9898087;648,9898087;649,9898087;663,8028087;663,8028087;722,9898087;722,9898087;722,9898087;722,9898087;722,9898087;722,9898087;663,8028087;649,9898087
3/09/2024;619,5361589;619,5361589;619,5361589;619,5361589;619,5361589;619,5361589;619,5361589;630,5361589;630,5361589;619,5361589;630,5361589;632,5361589;632,5361589;632,5361589;632,5361589;632,5361589;663,3491589;663,3491589;663,3491589;663,3491589;663,3491589;663,3491589;632,5361589;630,5361589
4/09/2024;632,5813506;632,5813506;632,5813506;632,5813506;632,5813506;632,5813506;632,5813506;632,5813506;632,5813506;632,5813506;642,5813506;652,5813506;652,5813506;663,5803506;663,5803506;663,5803506;663,5803506;663,5803506;664,5813506;665,5813506;664,5813506;664,5813506;663,5803506;652,5813506
5/09/2024;665,1938697;652,1938697;652,1938697;652,1938697;652,1938697;665,1938697;665,1938697;665,1938697;665,1938697;665,1938697;665,1938697;665,1938697;665,1938697;665,1938697;677,1938697;687,1938697;687,1938697;687,1938697;701,3078697;701,3078697;701,3078697;692,1938697;677,1938697;665,1938697
6/09/2024;619,4632381;619,4632381;619,4632381;619,4632381;619,4632381;682,5952381;682,5952381;682,5952381;682,5952381;682,5952381;682,5952381;697,5952381;697,5952381;727,5952381;752,5952381;752,5952381;732,5952381;752,5952381;757,5952381;757,5952381;757,5952381;732,5952381;697,5952381;682,5952381
7/09/2024;698,5235896;698,5235896;698,5235896;697,4095896;697,4095896;697,4095896;697,4095896;698,5235896;690,9235896;697,4095896;697,4095896;698,5235896;698,5235896;698,5235896;698,5235896;698,5235896;698,5235896;698,5235896;757,4095896;757,4095896;762,4095896;757,4095896;752,4095896;698,5235896
8/09/2024;620,0923646;620,0923646;620,0923646;620,0923646;620,0923646;603,2243646;428,0733646;403,2243646;403,2243646;403,2243646;603,2243646;603,2243646;620,0923646;691,7383646;713,2243646;714,2243646;714,2243646;752,2243646;755,7243646;755,7243646;755,7243646;755,7243646;753,2243646;714,2243646
9/09/2024;463,8374237;463,8374237;463,8374237;463,8374237;463,8374237;623,8374237;623,8374237;623,8374237;623,8374237;692,3514237;753,8374237;756,3374237;756,3374237;756,3374237;756,3374237;756,3374237;758,8374237;756,3374237;763,8374237;793,8374237;763,8374237;756,3374237;756,3374237;753,8374237
10/09/2024;754,3023182;754,3023182;754,3023182;754,3023182;754,3023182;757,3023182;757,3023182;757,3023182;760,3023182;760,3023182;760,3023182;760,3023182;760,3023182;769,4163182;769,4163182;769,4163182;769,4163182;769,4163182;773,3023182;773,6493182;769,4163182;769,4163182;760,3023182;760,3023182
11/09/2024;771,520931;771,520931;771,520931;771,520931;771,520931;771,572931;771,520931;771,572931;773,867931;777,420931;777,420931;777,420931;777,420931;804,520931;804,520931;806,520931;806,520931;806,520931;812,520931;812,520931;812,520931;806,520931;777,420931;777,420931
12/09/2024;817,7065268;792,1065268;792,1065268;792,1065268;792,1065268;817,7065268;817,7065268;817,7065268;817,7065268;817,7065268;825,1065268;825,1065268;817,7065268;827,1065268;832,1065268;832,1065268;832,1065268;832,1065268;832,1065268;832,1065268;832,1065268;825,1065268;817,7065268;817,7065268
13/09/2024;782,7210933;782,7210933;782,7210933;782,7210933;782,7210933;782,7210933;782,7210933;782,7210933;782,7210933;782,7210933;782,7210933;827,7210933;827,7210933;827,7210933;833,2210933;833,2210933;833,2210933;833,2210933;837,7210933;837,7210933;837,7210933;852,7210933;833,2210933;827,7210933
14/09/2024;867,30143;862,30143;847,30143;847,30143;847,30143;847,30143;847,30143;847,30143;847,30143;861,30143;862,30143;867,30143;867,30143;867,30143;867,30143;867,30143;867,30143;867,30143;892,30143;892,30143;867,30143;867,30143;867,30143;867,30143
15/09/2024;882,5978091;882,5978091;882,5978091;882,5978091;882,5978091;882,5978091;773,9448091;668,3028091;668,3028091;668,3028091;691,1118091;882,5978091;882,5978091;882,5978091;882,5978091;882,5978091;892,5978091;894,0978091;904,5978091;904,7978091;904,5978091;894,0978091;894,0978091;894,0978091
16/09/2024;906,2954651;906,2954651;904,2954651;904,2954651;904,2954651;906,2954651;906,2954651;904,2954651;906,2954651;906,2954651;912,2954651;912,2954651;912,2954651;912,2954651;919,7954651;919,7954651;919,7954651;919,7954651;919,7954651;919,7954651;919,7954651;919,7954651;912,2954651;906,2954651
17/09/2024;919,6122831;915,1122831;913,1122831;913,1122831;915,1122831;919,6122831;919,6122831;919,6122831;919,6122831;919,6122831;919,6122831;920,1122831;919,6122831;919,6122831;926,4122831;926,4122831;926,4122831;926,4122831;926,4122831;927,1122831;926,4122831;926,4122831;922,1122831;919,6122831
18/09/2024;921,0952984;921,0952984;917,0952984;917,0952984;921,0952984;921,0952984;921,0952984;921,0952984;921,0952984;922,0952984;922,0952984;923,0952984;922,0952984;927,5952984;929,6952984;929,6952984;932,0952984;932,0952984;932,2092984;932,2092984;932,2092984;932,2092984;927,5952984;922,0952984
19/09/2024;916,6455206;916,6455206;915,1455206;906,1455206;916,6455206;916,6455206;916,6455206;916,6455206;916,6455206;928,1455206;928,1455206;932,3455206;932,3465206;932,3465206;932,3465206;932,3465206;932,3465206;932,3465206;932,3465206;933,1455206;933,1455206;932,3465206;932,3465206;932,3455206
20/09/2024;933,093933;932,193933;932,193933;932,193933;932,193933;932,193933;932,193933;932,193933;932,193933;933,093933;933,093933;933,094933;933,094933;933,094933;933,615933;934,493933;934,493933;934,493933;934,493933;934,493933;934,493933;934,493933;933,615933;933,094933
21/09/2024;933,889286;933,889286;933,789286;933,789286;933,789286;933,789286;933,789286;933,789286;933,889286;933,889286;933,889286;934,088286;934,088286;934,088286;934,088286;934,088286;934,088286;934,389286;934,539286;934,539286;934,489286;934,088286;933,889286;933,789286
22/09/2024;934,1860017;934,1860017;934,1860017;933,7860017;933,7860017;927,2860017;927,2860017;927,2860017;927,2860017;934,1860017;934,1860017;934,1860017;934,1860017;934,1860017;934,1860017;934,1860017;934,1860017;934,1860017;934,6860017;934,6860017;934,6860017;934,6860017;934,1860017;934,1860017
23/09/2024;933,6005575;933,6005575;931,6005575;931,6005575;931,6005575;933,6005575;934,4995575;934,4995575;934,4995575;934,4995575;934,5105575;934,5155575;934,5105575;934,5155575;934,5205575;934,5205575;934,5305575;934,5305575;934,5505575;934,5505575;934,5505575;934,5505575;934,5205575;934,5155575
24/09/2024;934,7102536;931,8002536;931,8002536;931,8002536;933,8002536;934,7102536;934,7102536;933,8002536;934,7102536;934,7152536;934,7152536;934,7412536;934,7202536;934,7202536;934,7412536;934,7412536;934,7412536;934,7412536;934,7502536;934,7502536;934,7502536;934,7412536;934,7412536;934,7152536
25/09/2024;906,2799341;905,7799341;905,7799341;905,7799341;905,7799341;906,2799341;906,2799341;905,7799341;906,2799341;934,6949341;934,6949341;934,6999341;934,6999341;934,7399341;934,7499341;934,7499341;934,7499341;934,7499341;934,7499341;934,8009341;934,7499341;934,7499341;934,6999341;934,6949341
26/09/2024;905,6890736;905,6890736;905,6890736;905,6890736;905,6890736;905,6890736;905,6890736;905,6890736;905,6890736;906,0890736;932,5890736;932,5890736;932,5890736;932,5890736;932,5890736;934,5580736;934,5580736;934,5580736;934,5600736;934,5600736;934,5600736;934,5490736;932,5890736;915,0890736
27/09/2024;889,1192289;889,1192289;889,1192289;889,1192289;889,1192289;890,1192289;890,1192289;890,1192289;890,1192289;891,1192289;891,1192289;906,1192289;930,6192289;930,6192289;930,6192289;930,6192289;930,6192289;930,6192289;934,5902289;934,5902289;934,5902289;930,6192289;930,6192289;930,6192289
28/09/2024;915,1517374;889,1517374;888,0177374;888,0177374;889,1517374;889,1517374;889,1517374;889,1517374;889,1517374;889,1517374;889,1517374;934,6117374;889,1517374;934,6117374;934,6227374;934,6237374;934,6237374;934,6247374;934,6257374;934,6257374;934,6257374;934,6247374;934,6237374;934,6227374
29/09/2024;934,5687061;893,0167061;887,9647061;881,0987061;887,9647061;880,0987061;880,0987061;880,0987061;880,0987061;887,9647061;893,0167061;934,5687061;934,5687061;934,5687061;934,5687061;934,5687061;934,5687061;934,5687061;934,5717061;934,5717061;934,5707061;934,5707061;934,5687061;897,0987061
30/09/2024;2498,804074;2498,804074;2498,804074;2498,804074;2498,804074;2498,804074;2498,804074;2498,804074;2498,804074;2498,804074;2498,804074;2498,804074;2498,804074;2498,804074;2498,804074;2498,804074;2498,804074;2498,804074;2498,804074;2498,804074;2498,804074;2498,804074;2498,804074;2498,804074
1/10/2024;943,0855471;943,0855471;943,0855471;943,0855471;943,0855471;943,0855471;943,0855471;943,0855471;943,0855471;943,0855471;943,0855471;1039,082547;943,0855471;1039,082547;1039,082547;1039,082547;1115,485547;1399,082547;1400,582547;1400,582547;1400,082547;1399,082547;1039,082547;943,0855471
2/10/2024;944,6043742;944,6043742;943,6043742;943,6043742;944,6043742;944,6043742;944,6043742;944,6043742;944,6043742;944,6043742;1008,727374;1008,727374;1008,727374;1008,727374;1398,604374;1398,604374;1400,604374;1400,604374;1659,504374;1659,504374;1659,494374;1400,604374;1008,727374;1008,727374
3/10/2024;1390,593685;1089,156685;1089,156685;1089,156685;1089,156685;1089,156685;1089,156685;1089,156685;1089,156685;1089,156685;1089,156685;1390,593685;1113,996685;1390,593685;1658,483685;1697,593685;1697,593685;1967,593685;2495,247685;2495,247685;1967,593685;1967,593685;1697,593685;1390,593685
4/10/2024;1247,593685;1188,432685;1188,432685;1188,432685;1188,432685;1188,432685;1188,432685;1188,432685;1247,593685;1247,593685;1247,593685;1247,593685;1247,593685;1247,593685;1390,593685;1658,483685;1658,483685;1658,483685;1658,483685;1658,483685;1927,593685;1927,593685;1390,593685;1247,593685
5/10/2024;1658,393685;1236,593685;977,5936853;969,8926853;977,5936853;969,8926853;969,8926853;977,5936853;977,5936853;1236,593685;977,5936853;1236,593685;1236,593685;1236,593685;1390,593685;1658,483685;1658,483685;1927,593685;1967,593685;1967,593685;1966,593685;1927,593685;1390,593685;1390,593685
6/10/2024;1658,43043;977,6304302;977,6304302;977,6304302;975,6304302;975,6304302;975,6304302;895,6754302;923,6304302;975,6304302;975,6304302;975,6304302;975,6304302;975,6304302;975,6304302;977,6304302;977,6304302;1390,63043;1659,63043;1659,63043;1658,43043;1659,63043;1390,63043;977,6304302
7/10/2024;1658,393685;1547,593685;1487,593685;1487,593685;1487,593685;1547,593685;1547,593685;1487,593685;1547,593685;1547,593685;1547,593685;1658,393685;1658,393685;1658,393685;1658,393685;1658,393685;1658,393685;1658,483685;1660,593685;1660,593685;1658,393685;1658,393685;1658,393685;1547,593685
8/10/2024;1390,493685;1390,493685;1197,593685;1167,593685;1197,593685;1197,593685;1390,493685;1390,493685;1390,493685;1390,493685;1390,493685;1390,493685;1497,593685;1390,493685;1547,593685;1497,593685;1547,593685;1547,593685;1547,593685;1547,593685;1547,593685;1547,593685;1547,593685;1497,593685
9/10/2024;1549,593685;1390,593685;1197,593685;1390,593685;1197,593685;1549,593685;1390,593685;1549,593685;1390,593685;1390,593685;1390,593685;1549,593685;1549,593685;1549,593685;1673,474685;1673,474685;1673,474685;1697,593685;1698,593685;1698,593685;1697,593685;1673,474685;1673,474685;1549,593685
10/10/2024;1057,749862;1042,749862;1037,749862;1037,749862;1057,749862;1042,749862;1042,749862;1042,749862;1042,749862;1057,749862;1362,749862;1391,749862;1391,749862;1391,749862;1391,749862;1391,749862;1391,749862;1598,749862;1598,749862;1598,749862;1391,749862;1391,749862;1362,749862;1042,749862
11/10/2024;918,4072981;918,4072981;898,4072981;898,4072981;915,1942981;918,4072981;918,4072981;918,4072981;918,4072981;918,4072981;928,4072981;928,4072981;930,8972981;928,4072981;930,8972981;988,4072981;2534,682298;2534,682298;2534,682298;2534,682298;2534,682298;2534,682298;988,4072981;928,4072981
12/10/2024;859,9304309;859,9304309;859,9304309;649,9304309;690,4984309;690,4984309;649,9304309;649,9304309;649,9304309;925,9304309;859,9304309;859,9304309;859,9304309;859,9304309;859,9304309;897,9754309;925,9304309;932,4204309;2536,187431;2536,187431;1929,930431;932,4204309;859,9304309;859,9304309
13/10/2024;1901,666225;1901,666225;1901,665225;1896,666225;946,6662245;916,6662245;661,5362245;611,6662245;611,6662245;611,6662245;611,6662245;661,5362245;899,7112245;899,7112245;899,7112245;934,1562245;946,6662245;1901,665225;1901,666225;1901,666225;1901,666225;1901,666225;1901,666225;1207,979225
14/10/2024;1968,029898;1928,029898;926,4798983;924,0298983;896,0748983;913,0298983;868,0298983;868,0298983;868,0298983;868,0298983;868,0298983;896,0748983;930,5198983;924,0298983;1928,029898;1968,029898;2532,275898;2532,275898;2532,275898;2532,275898;2532,275898;2532,275898;2532,275898;1968,029898
15/10/2024;1397,593685;1397,593685;1397,593685;1397,593685;1397,593685;1397,593685;1397,593685;1397,593685;1927,593685;1927,593685;1942,593685;1942,593685;1942,593685;1942,593685;1943,593685;1947,707685;1947,707685;1947,707685;1967,593685;1967,593685;1947,707685;1947,707685;1942,593685;1397,593685
16/10/2024;1397,593685;1397,593685;1397,593685;1397,593685;1397,593685;1397,593685;1397,593685;1397,593685;1397,593685;1797,593685;1807,593685;1826,593685;1826,593685;1927,593685;1927,593685;1895,541685;1927,593685;1927,593685;1991,515685;1991,515685;1991,515685;1936,593685;1807,593685;1397,593685
17/10/2024;1292,593685;1292,593685;1292,593685;1292,593685;1292,593685;1292,593685;1292,593685;1292,593685;1292,593685;1292,593685;1292,593685;1292,593685;1292,593685;1895,541685;1931,593685;2166,815685;2166,815685;2166,815685;2531,839685;2531,839685;2166,815685;2166,815685;1936,593685;1292,593685
18/10/2024;1847,593685;1847,593685;1847,593685;1847,593685;1847,593685;1847,593685;1847,593685;1847,593685;1847,593685;1847,593685;1847,593685;1847,593685;1847,593685;1895,541685;1931,593685;1931,593685;1931,593685;1935,593685;1936,593685;1936,593685;1935,593685;1935,593685;1892,593685;1847,593685
19/10/2024;2674,777613;2674,777613;2131,212613;1098,212613;1098,212613;1098,212613;1098,212613;1188,212613;2131,212613;2131,212613;2131,212613;2674,777613;2674,777613;2674,777613;2674,777613;2674,777613;2674,777613;2674,777613;2674,777613;2674,777613;2674,777613;2674,777613;2674,777613;2674,777613
20/10/2024;1077,703768;1077,703768;1077,703768;1077,703768;1077,703768;973,7037676;973,7037676;930,1937676;942,7037676;895,7487676;973,7037676;973,7037676;1077,703768;1077,703768;1077,703768;1077,703768;1077,703768;1087,703768;1197,703768;1197,703768;1097,703768;1087,703768;1087,703768;1077,703768
21/10/2024;925,3666633;582,8776633;593,4796633;582,8776633;582,8776633;925,3666633;925,3666633;897,4116633;897,4116633;897,4116633;897,4116633;931,8566633;972,9096633;1089,366663;1949,366663;2079,366663;2079,366663;2079,366663;2080,366663;2080,366663;2079,366663;1276,101663;1089,366663;931,8566633
22/10/2024;2079,502485;1699,502485;637,4104853;637,4104853;637,4104853;931,9924853;1699,502485;944,5024853;1699,502485;897,5474853;1699,502485;2069,502485;2069,502485;2079,502485;2079,502485;2079,502485;2079,502485;2079,502485;2099,502485;2089,502485;2080,502485;2079,502485;2079,502485;944,5024853
23/10/2024;2068,747376;943,7473756;896,7923756;639,8763756;943,7473756;1083,505376;1083,505376;1083,505376;943,7473756;1898,747376;1908,747376;2073,858376;2073,858376;2068,747376;2073,858376;2073,858376;2073,858376;2076,747376;2078,747376;2076,747376;2076,747376;2073,858376;2073,858376;2068,747376
24/10/2024;1088,44356;1088,44356;1088,44356;1088,44356;1088,44356;1088,44356;1088,44356;1088,44356;1088,44356;1088,44356;1088,44356;1275,17856;1275,17856;1818,44356;1828,44356;1848,44356;1918,44356;1918,44356;2048,44356;2048,44356;2048,44356;1918,44356;1848,44356;1275,17856
25/10/2024;2097,593685;1832,993685;1797,593685;1747,593685;1797,593685;1832,993685;1832,993685;1797,593685;1832,993685;1832,993685;2097,593685;2121,555685;2121,555685;2121,555685;2121,555685;2121,555685;2121,555685;2121,555685;2121,555685;2121,555685;2121,555685;2121,555685;2121,555685;2121,555685
26/10/2024;2122,422702;1147,615702;1097,615702;1097,615702;1097,615702;1097,615702;1097,615702;1097,615702;1097,615702;1097,615702;1147,615702;2122,422702;2122,422702;2122,422702;2122,422702;2122,422702;2122,422702;2122,422702;2122,422702;2122,422702;2122,422702;2122,422702;2122,422702;2122,422702
27/10/2024;1090,264587;1090,264587;905,1045867;666,0085867;666,0085867;666,0085867;586,0055867;490,2645867;586,0055867;490,2645867;586,0055867;898,3095867;1090,264587;898,3095867;666,0085867;666,0085867;1090,264587;2125,550587;2125,550587;2125,550587;2125,550587;2125,550587;2125,550587;932,7545867
28/10/2024;1777,694014;1747,694014;1747,694014;1082,452014;1747,694014;1747,694014;1747,694014;1747,694014;1747,694014;1747,694014;1777,694014;1778,694014;1778,694014;1778,694014;1897,694014;1907,694014;1907,694014;1907,694014;2122,978014;1987,694014;1927,694014;1907,694014;1897,694014;1777,694014
29/10/2024;1747,593685;1743,593685;1547,593685;1547,593685;1742,593685;1743,593685;1743,593685;1743,593685;1743,593685;1742,593685;1743,593685;1747,593685;1747,593685;1747,593685;1747,593685;1782,593685;1782,593685;1787,593685;1847,593685;1782,593685;1787,593685;1787,593685;1747,593685;1747,593685
30/10/2024;1737,593685;1577,593685;1577,593685;1577,593685;1577,593685;1702,214685;1737,593685;1577,593685;1577,593685;1738,593685;1738,593685;1743,093685;1743,093685;1743,093685;1743,093685;1744,593685;1744,593685;1745,593685;1745,593685;1745,593685;1745,593685;1744,593685;1744,593685;1738,593685
31/10/2024;2457,103685;2457,103685;2457,102685;2457,102685;2457,103685;2457,103685;2457,103685;2457,103685;2457,103685;2457,103685;2457,103685;2457,103685;2457,103685;2457,103685;2457,103685;2457,103685;2457,103685;2457,103685;2457,103685;2457,103685;2457,103685;2457,103685;2457,103685;2457,103685
1/11/2024;2459,239949;2459,239949;2459,239949;2459,239949;2459,239949;2459,239949;2459,239949;2459,239949;2459,239949;2459,239949;2459,239949;2459,239949;2459,239949;2459,239949;2459,239949;2459,239949;2459,239949;2459,239949;2459,239949;2459,239949;2459,239949;2459,239949;2459,239949;2459,239949
2/11/2024;2459,239949;2459,239949;2459,239949;2459,239949;2399,729949;2399,729949;2399,729949;2459,239949;2459,239949;2459,239949;2459,239949;2459,239949;2459,239949;2459,239949;2459,239949;2459,239949;2459,239949;2459,239949;2459,239949;2459,239949;2459,239949;2459,239949;2459,239949;2459,239949
3/11/2024;2459,239949;2459,239949;2459,239949;2459,239949;2459,239949;2459,239949;2459,239949;2459,239949;2459,239949;2459,239949;2459,239949;2459,239949;2459,239949;2459,239949;2459,239949;2459,239949;2459,239949;2459,239949;2459,239949;2459,239949;2459,239949;2459,239949;2459,239949;2459,239949
4/11/2024;2459,229949;2459,229949;2459,229949;2459,229949;2459,229949;1899,729949;1899,729949;1899,729949;1899,729949;2459,229949;2459,229949;2459,229949;2459,229949;2459,229949;2459,229949;2459,229949;2459,229949;2459,239949;2459,239949;2459,239949;2459,239949;2459,239949;2459,239949;2459,239949
5/11/2024;1853,012522;938,7325224;891,9895224;659,2375224;659,2375224;1852,732522;1852,732522;891,9895224;929,2725224;1279,528522;1853,012522;1853,012522;1852,732522;1853,012522;1862,732522;1862,732522;1862,732522;1862,732522;1927,732522;1927,732522;1862,732522;1862,732522;1862,732522;1853,012522
6/11/2024;1450,649654;1450,649654;657,3706537;926,6496537;926,6496537;1450,649654;1450,649654;999,2876537;1450,649654;1450,649654;2420,649654;2460,159654;2460,159654;2460,649654;2675,649654;2675,649654;2675,649654;2675,649654;2675,649654;2675,649654;2460,159654;1450,649654;1450,649654;1450,649654
7/11/2024;1449,729949;1449,729949;1449,729949;1449,729949;1449,729949;1449,729949;1449,729949;1449,729949;1449,729949;1449,729949;1449,729949;2229,729949;2229,729949;2229,729949;2299,729949;2299,729949;2419,729949;2459,239949;2459,239949;2459,239949;2459,239949;2229,729949;2299,729949;1449,729949
8/11/2024;999,739218;999,739218;999,739218;999,739218;999,739218;999,739218;999,739218;999,739218;999,739218;999,739218;1919,739218;2128,028218;1919,739218;2128,028218;2128,028218;2128,028218;2128,028218;2128,028218;2128,028218;2128,028218;2128,028218;2128,028218;999,739218;999,739218
9/11/2024;700,3521536;700,3521536;700,3521536;700,3521536;700,3521536;700,3521536;700,3521536;700,3521536;700,3521536;700,3521536;700,3521536;700,3521536;700,3521536;700,3521536;700,3521536;705,3521536;705,3521536;889,6091536;1490,352154;1470,352154;889,6091536;705,3521536;851,6451536;700,3521536
10/11/2024;700,8172651;700,8172651;700,8172651;700,8172651;700,8172651;700,8172651;588,5072651;588,5072651;588,5072651;588,5072651;588,5072651;700,8172651;700,8172651;700,8172651;700,8172651;700,8172651;700,8172651;700,8172651;1751,817265;1751,817265;1751,817265;893,0912651;890,0742651;700,8172651
11/11/2024;700,8387916;700,8387916;700,8387916;700,8387916;700,8387916;700,8387916;700,8387916;700,8387916;700,8387916;700,8387916;700,8387916;700,8387916;700,8387916;700,8387916;700,8387916;700,8387916;700,8387916;700,8387916;1490,838792;1490,838792;1470,838792;936,8387916;700,8387916;700,8387916
12/11/2024;589,5887794;589,5887794;445,3037794;445,3037794;445,3037794;589,5887794;589,5887794;1451,898779;891,1557794;589,5887794;1451,898779;891,1557794;627,1697794;589,5887794;928,1077794;1491,898779;1491,898779;1751,898779;1752,898779;1752,898779;1752,898779;1491,898779;891,1557794;589,5887794
13/11/2024;1452,679556;585,3115562;585,3115562;268,6595562;268,6595562;580,9235562;585,3115562;585,3115562;585,3115562;585,3115562;585,3115562;647,4415562;585,3115562;647,4415562;891,9365562;891,9365562;891,9365562;1492,679556;1751,679556;1742,679556;1472,679556;928,8885562;647,4415562;585,3115562
14/11/2024;1452,654383;620,7303828;474,7383828;447,0593828;447,0593828;831,4643828;815,1543828;899,1493828;620,7303828;620,7303828;620,7303828;892,9113828;620,7303828;620,7303828;892,9113828;934,7143828;1453,654383;1473,654383;1699,154383;1699,154383;1493,654383;939,1543828;677,7313828;620,7303828
15/11/2024;224,3730515;224,3730515;107,2990515;107,2990515;142,2510515;896,3080515;896,3080515;896,3080515;585,2950515;585,2950515;478,1350515;585,2950515;585,2950515;779,2090515;789,5020515;896,3080515;896,3080515;852,2900515;2135,124051;933,2600515;933,2600515;852,2900515;852,2900515;450,4560515
16/11/2024;1054,092851;893,3498512;107,8928512;1054,092851;107,8928512;447,4978512;447,4978512;475,1768512;475,1768512;582,3368512;648,8548512;582,3368512;1054,092851;447,4978512;475,1768512;1054,092851;893,3498512;1054,092851;1054,092851;1054,092851;893,3498512;893,3498512;893,3498512;107,8928512
17/11/2024;1612,535903;714,122903;521,602903;217,013903;247,846903;217,013903;116,235903;116,335903;217,013903;116,235903;116,235903;116,335903;521,602903;652,484903;117,360903;652,484903;652,484903;714,122903;901,792903;901,792903;834,306903;834,306903;834,306903;730,280903
18/11/2024;216,1777557;216,1777557;110,2657557;110,2657557;216,1777557;520,7217557;520,7217557;651,6487557;651,6487557;785,3017557;833,0247557;833,0247557;833,0247557;833,0247557;900,9567557;937,6997557;948,6997557;1045,707756;1068,082756;1045,707756;948,6997557;833,0247557;833,0247557;785,3017557
19/11/2024;514,8800255;245,5060255;351,7580255;232,8740255;245,5060255;509,7890255;514,8800255;778,8580255;778,8580255;763,6110255;778,8580255;778,8580255;778,8580255;778,8580255;826,2790255;826,2790255;895,1150255;895,1150255;925,8600255;925,8600255;826,2790255;826,2790255;763,6110255;763,6110255
20/11/2024;760,3131316;446,4611316;439,1231316;366,7011316;439,1231316;760,3131316;760,3131316;760,3131316;760,3131316;803,1011316;803,1011316;803,1011316;803,1011316;803,1011316;803,1011316;823,5961316;823,5961316;823,5961316;1043,101132;892,3581316;823,5961316;803,1011316;803,1011316;760,3131316
21/11/2024;109,0365403;109,5725403;109,5725403;109,5725403;109,5725403;356,3705403;374,7905403;374,7905403;453,8305403;374,7905403;650,4195403;765,4705403;765,4705403;765,4705403;810,4705403;810,4705403;810,4705403;810,4705403;810,4705403;810,4705403;810,4705403;810,4705403;765,4705403;760,6605403
22/11/2024;244,6617306;635,0137306;107,0137306;104,1157306;107,0137306;754,8467306;754,8467306;754,8467306;754,8467306;754,8467306;754,8467306;805,0137306;805,0137306;754,8467306;805,0137306;817,1227306;817,1227306;817,1227306;894,2707306;817,1227306;817,1227306;805,0137306;805,0137306;754,8467306
23/11/2024;242,4191506;109,1081506;106,2101506;106,2101506;242,4191506;582,0311506;617,1081506;617,1081506;617,1081506;617,1081506;617,1081506;617,1081506;617,1081506;617,1081506;617,1081506;617,1081506;617,1081506;757,1081506;757,1081506;757,1081506;720,1031506;757,1081506;757,1081506;720,1031506
24/11/2024;102,5533039;102,5533039;107,3663039;102,5533039;102,5533039;102,5533039;102,5523039;101,9863039;101,9863039;102,5533039;102,5533039;107,3663039;107,3663039;107,3663039;107,3663039;107,3663039;428,9863039;428,9863039;593,9863039;593,9863039;428,9863039;428,9863039;428,9863039;428,9863039
25/11/2024;307,548493;307,548493;307,548493;307,548493;307,548493;307,548493;307,548493;307,548493;307,548493;407,548493;407,548493;407,548493;407,548493;407,548493;407,548493;407,548493;407,548493;720,439493;896,805493;720,439493;720,439493;720,439493;407,548493;407,548493
26/11/2024;339,3600307;339,3600307;309,3600307;309,3600307;309,3600307;339,3600307;339,3600307;339,3600307;339,3600307;339,3600307;339,3600307;389,3600307;347,5600307;389,3600307;721,8290307;721,8290307;898,6170307;898,6170307;898,6170307;898,6170307;721,8290307;721,8290307;339,3600307;339,3600307
27/11/2024;716,8058196;716,8058196;584,5838196;384,0548196;384,0548196;384,0548196;716,8058196;716,8058196;716,8058196;755,7728196;765,8388196;765,8388196;765,8388196;765,8388196;923,8548196;934,8548196;936,8548196;936,8548196;936,8548196;936,8548196;936,8548196;936,8548196;923,8548196;765,8388196
28/11/2024;749,775432;749,775432;749,775432;749,775432;749,775432;749,775432;756,317432;756,317432;756,317432;749,775432;756,317432;756,317432;756,317432;779,775432;779,775432;779,775432;914,775432;914,775432;919,775432;914,775432;914,775432;889,032432;779,775432;749,775432
29/11/2024;103,9139439;108,9819439;150,3469439;108,9839439;150,3469439;368,9469439;705,3469439;705,3469439;705,3469439;745,3469439;745,3469439;745,3469439;705,3469439;745,3469439;745,3469439;745,3469439;745,3469439;760,3469439;760,3469439;760,3469439;760,3469439;745,3469439;745,3469439;716,9319439
30/11/2024;108,7245214;108,7245214;108,7245214;108,7245214;108,7245214;108,7245214;108,7245214;108,7245214;108,7245214;254,6675214;254,6675214;633,7245214;633,7245214;633,7245214;633,7245214;718,7245214;718,7245214;718,7245214;723,7245214;723,7245214;718,7245214;718,7245214;718,7245214;633,7245214
1/12/2024;642,2247536;642,2247536;637,2247536;637,2247536;637,2247536;516,9517536;222,7557536;115,0777536;115,0757536;146,2247536;229,9637536;516,9517536;637,2247536;637,2247536;642,2247536;642,2247536;642,2247536;723,2247536;723,2247536;723,2247536;723,2247536;723,2247536;723,2247536;642,2247536
2/12/2024;556,1166328;556,1166328;556,1166328;556,1166328;556,1166328;638,1166328;638,1166328;638,1166328;638,1166328;638,1166328;638,1166328;656,1166328;656,1166328;656,1166328;725,1166328;726,1166328;725,1166328;727,1166328;756,1166328;756,1166328;726,1166328;725,1166328;686,1166328;656,1166328
3/12/2024;724,674683;724,674683;724,674683;724,674683;724,674683;725,088683;725,088683;725,088683;725,088683;725,088683;725,088683;725,088683;727,088683;727,088683;728,088683;737,088683;747,088683;747,088683;757,088683;757,088683;747,088683;737,088683;728,088683;725,088683
4/12/2024;756,6428324;754,6428324;754,6428324;754,6428324;754,6428324;756,6428324;760,0798324;760,0798324;760,0798324;760,0798324;760,0798324;797,6428324;797,6428324;797,6428324;797,6428324;806,6428324;806,6428324;806,6428324;806,6428324;806,6428324;806,6428324;797,6428324;797,6428324;760,0798324
5/12/2024;768,8059932;768,8059932;768,8059932;726,4449932;768,8059932;768,8059932;768,8059932;768,8059932;803,6239932;803,6239932;805,1019932;806,1019932;806,1019932;806,1019932;806,1019932;806,1019932;816,1019932;817,1019932;820,1019932;820,1019932;817,1019932;817,1019932;806,1019932;806,1019932
6/12/2024;766,1477986;766,1477986;766,1477986;766,1477986;766,1477986;766,1477986;766,1477986;766,1477986;766,1477986;792,4917986;792,4917986;792,4917986;792,4917986;792,4917986;796,0477986;796,0477986;796,0477986;796,0477986;796,0477986;796,0477986;796,0477986;796,0477986;796,0477986;792,4917986
7/12/2024;806,5464308;803,0684308;789,2404308;803,0684308;803,0684308;803,0684308;803,0684308;803,0684308;803,0684308;806,5464308;806,5464308;806,5464308;806,5464308;806,5464308;806,5464308;806,5464308;806,5464308;830,5464308;835,5464308;830,5464308;806,5464308;806,5464308;806,5464308;806,5464308
8/12/2024;785,0646549;785,0646549;785,0646549;785,0646549;785,0646549;785,0646549;785,0646549;249,7126549;249,7126549;249,7126549;419,5276549;785,0646549;785,0646549;785,0646549;785,0646549;785,0646549;791,2666549;808,7646549;850,0646549;850,0646549;850,0646549;810,0646549;810,0646549;807,5866549
9/12/2024;845,5767673;845,5767673;827,8887673;827,8887673;816,9337673;845,5767673;845,5767673;845,5767673;845,5767673;845,5767673;845,5767673;850,5767673;850,5767673;850,5767673;850,5767673;850,5767673;850,5767673;860,5767673;861,5767673;861,5767673;861,5767673;860,5767673;850,5767673;850,5767673
10/12/2024;839,6064919;828,9364919;828,9364919;828,9364919;828,9364919;828,9364919;856,1054919;856,1054919;856,1054919;856,1054919;856,1054919;856,1054919;856,1054919;866,1054919;866,1054919;866,1054919;909,1054919;871,1054919;909,1054919;909,1054919;909,1054919;866,1054919;866,1054919;856,1054919
11/12/2024;865,5551658;828,7841658;828,7841658;828,7841658;828,7841658;828,7841658;865,5551658;865,5551658;865,5551658;865,5551658;865,5551658;865,5551658;865,5551658;865,5551658;865,5551658;909,5551658;909,5551658;909,5551658;951,5551658;951,5551658;909,5551658;909,5551658;906,9581658;865,5551658
12/12/2024;907,3828609;826,5078609;826,5078609;784,0618609;826,5078609;826,5078609;826,5078609;826,5078609;826,5078609;907,3828609;907,9798609;915,9798609;915,9798609;916,9798609;935,9798609;935,9798609;935,9798609;935,9798609;945,9798609;935,9798609;935,9798609;935,9798609;935,9798609;916,9798609
13/12/2024;925,6397354;925,6397354;925,6397354;925,6397354;925,6397354;925,6397354;925,6397354;925,6397354;925,6397354;925,6397354;950,6397354;950,6397354;950,6397354;950,6397354;952,6397354;965,6397354;965,6397354;966,6397354;966,6397354;966,6397354;966,6397354;965,6397354;951,6397354;950,6397354
14/12/2024;995,5680528;995,5680528;995,5680528;995,5680528;995,5680528;995,5680528;995,5680528;995,5680528;995,5680528;995,5680528;995,5680528;995,5680528;995,5680528;1000,268053;1000,268053;995,5680528;1000,568053;1000,568053;1095,568053;1095,568053;1095,568053;1000,568053;995,5680528;995,5680528
15/12/2024;954,1862958;926,3862958;877,1632958;811,4862958;811,4862958;811,4862958;753,4592958;753,4592958;753,4592958;753,4592958;811,4862958;776,6632958;811,4862958;926,3862958;907,7892958;954,1862958;1001,386296;1186,386296;1186,386296;1186,386296;1186,386296;1166,386296;1186,386296;1001,386296
16/12/2024;810,4939004;810,4939004;810,4939004;810,4939004;810,4939004;908,5959004;954,9929004;951,1929004;810,4939004;927,1929004;1049,7159;1302,1929;1302,1929;1302,1929;1309,1929;1327,1929;1327,1929;1309,1929;1327,1929;1327,1929;1309,1929;1302,1929;1090,2849;908,5959004
17/12/2024;951,0889797;809,8839797;809,8839797;809,8839797;809,8839797;954,8889797;954,8889797;955,0889797;955,0889797;955,0889797;1049,61198;1057,08898;1057,08898;1057,08898;1057,08898;1347,68898;1357,08898;1347,68898;1357,08898;1357,08898;1090,18098;1057,08898;987,0889797;987,0889797
18/12/2024;809,4377337;752,0117337;752,0117337;752,0117337;752,0117337;809,4377337;860,6107337;908,0137337;860,6107337;908,0137337;954,6107337;1006,609734;1006,609734;1006,609734;1006,609734;1006,609734;1006,609734;1006,609734;1049,133734;1049,133734;1006,609734;1006,609734;1006,609734;954,6107337
19/12/2024;735,8336302;807,2766302;735,8336302;729,1526302;729,1526302;807,2766302;729,1526302;773,8386302;906,7046302;906,7046302;906,7046302;906,7046302;906,7046302;906,7046302;906,7046302;906,7046302;950,7156302;954,5156302;1106,71563;1106,71563;1106,71563;906,7046302;906,7046302;906,7046302
20/12/2024;833,0832784;788,9072784;788,9072784;788,9072784;788,9072784;788,9072784;788,9072784;833,0832784;788,9072784;833,0832784;877,1592784;907,7852784;898,6902784;902,3822784;936,3822784;1048,905278;1156,382278;1156,382278;1156,382278;1156,382278;1156,382278;1048,905278;936,3822784;907,7852784
21/12/2024;936,3641499;936,3641499;790,5521499;790,5521499;877,1411499;907,7671499;907,7671499;936,3641499;936,3641499;936,3641499;936,3641499;936,3641499;936,3641499;936,3641499;936,3641499;936,3641499;954,1641499;966,3641499;1156,36415;1156,36415;1156,36415;966,3641499;954,1641499;936,3641499
22/12/2024;837,0337073;837,0337073;809,3417073;796,6057073;796,6057073;796,6057073;796,6057073;796,6057073;796,6057073;796,6057073;796,6057073;837,0337073;837,0337073;837,0337073;837,0337073;908,4367073;954,8337073;967,0337073;1008,033707;1008,033707;1008,033707;1008,033707;967,0337073;954,8337073
23/12/2024;122,4215788;375,9045788;261,5525788;126,9045788;166,9045788;408,9045788;720,9465788;760,9525788;760,9525788;797,0555788;807,4455788;807,4455788;807,4455788;807,4455788;951,9045788;951,9045788;951,9045788;951,9045788;981,9045788;981,9045788;981,9045788;951,9045788;951,9045788;807,4455788
24/12/2024;425,8373724;425,8373724;425,8373724;628,3153724;628,3153724;730,7943724;628,3153724;628,3153724;730,7943724;730,7943724;771,1553724;771,1553724;771,1553724;771,1553724;730,7943724;771,1553724;771,1553724;863,3153724;938,3153724;863,3153724;863,3153724;771,1553724;730,7943724;730,7943724
25/12/2024;410,9616453;435,2496453;598,9616453;598,9616453;421,7276453;264,1386453;264,1386453;112,4786453;112,4786453;112,4786453;113,6396453;113,6396453;234,7006453;410,9616453;410,9616453;410,9616453;435,2496453;609,6076453;655,0336453;761,9616453;761,9616453;761,9616453;609,6076453;609,6076453
26/12/2024;113,1115997;113,1115997;113,1115997;151,5945997;157,5945997;358,5945997;511,5945997;511,5945997;511,5945997;511,5945997;612,5945997;662,5945997;662,5945997;692,5945997;692,5945997;692,5945997;692,5945997;692,5945997;692,5945997;692,5945997;692,5945997;692,5945997;692,5945997;662,5945997
27/12/2024;114,2589164;120,2589164;120,2589164;120,2589164;120,2589164;120,2589164;120,2589164;120,2589164;264,4359164;264,4359164;264,4359164;582,2589164;582,2589164;583,2589164;583,2589164;583,2589164;583,2589164;615,1099164;663,2589164;663,2589164;663,2589164;583,2589164;422,0249164;358,2589164
28/12/2024;485,8088304;485,8088304;415,5748304;372,8088304;392,8088304;415,5748304;372,8088304;429,0968304;485,8088304;485,8088304;485,8088304;537,8088304;537,8088304;537,8088304;555,8088304;555,8088304;555,8088304;555,8088304;555,8088304;555,8088304;555,8088304;555,8088304;555,8088304;537,8088304
29/12/2024;149,3870806;210,3870806;210,3870806;155,3870806;155,3870806;155,3870806;111,0040806;111,0040806;112,0650806;149,3870806;155,3870806;210,3870806;210,3870806;210,3870806;230,7050806;250,0350806;525,3870806;525,3870806;535,3870806;544,3870806;535,3870806;535,3870806;532,7970806;525,3870806
30/12/2024;209,5354277;209,5354277;209,5354277;204,5354277;209,5354277;209,5354277;209,5354277;209,5354277;249,1834277;483,5354277;483,5354277;483,5354277;483,5354277;483,5354277;483,5354277;483,5354277;483,5354277;489,5354277;509,5354277;509,5354277;489,5354277;489,5354277;483,5354277;483,5354277
31/12/2024;119,2374527;119,2374527;119,2374527;119,2374527;119,2374527;119,2374527;119,2374527;119,2374527;119,2374527;119,2374527;119,2374527;119,2374527;119,2374527;119,2374527;119,2374527;119,2374527;119,7374527;230,5554527;500,2374527;500,2374527;249,8854527;155,2374527;119,2374527;119,2374527
